Type de terminal;Lieu;Service;Indicateur;Usage;Bouygues Telecom;Bouygues Telecom Precision statistique;Free Mobile;Free Mobile Precision statistique;Orange;Orange Precision statistique;SFR;SFR Precision statistique;Moyenne;Moyenne Precision statistique
2G/3G;Lieux de vie / Zone dense;Streaming video;Taux de videos 720p de 2 min visionnees avec une qualite correcte;A l'exterieur des batiments;0.914705882353;0.0296904574705;0.591176470587999;0.0522568376503;0.944117647059;0.0244155781405;0.85;0.0379552367928;0.8250000000000001;0.020194477259
2G/3G/4G;Lieux de vie / Zone rurale;Envoi de fichier;Debit moyen;A l'interieur des batiments;1.5649653295100001;;0.794513180516;;1.8291756447;;1.43795689655;;1406.65276282;
2G/3G/4G;Transports / Autres grandes lignes;SMS;Taux de SMS recus en moins de 30s;En train;0.77450025216;0.0229036453969;0.800985063205999;0.021881437237;0.838518709153;0.0201668600219;0.897469736988;0.0166248119414;0.827868440377;0.0103443145666
2G/3G/4G;Lieux de vie / Toutes zones;Envoi de fichier;Taux de fichiers de 2 Mo envoyés en moins de 2 min;A l'interieur des batiments;0.755755755756;0.0188415044883;0.817817817818;0.0169275424432;0.842842842842999;0.0159607413996;0.779559118236;0.0181795561154;0.798993883663;0.00878737267589
2G/3G;Lieux de vie / Zone intermediaire;Telechargement de fichier;Taux de fichiers de 10 Mo reçus en moins de 2 min;A l'interieur et a l'exterieur;0.848387096774;0.0199622889745;0.783870967741999;0.0229099463986;0.958064516129;0.0111566404153;0.816129032257999;0.021561611836;0.851612903226;0.00989314600556
2G/3G/4G;Lieux de vie / Toutes zones;Chargement de page web;Taux de pages web chargées en moins de 5s;A l'exterieur des batiments;0.737900373850999;0.00866424784592;0.595432959483;0.0096696440115;0.808729918157;0.00774861490848;0.743988684582999;0.00859827927082;0.721512984018;0.00441563692833
2G/3G/4G;Transports / Metro;Chargement de page web;Taux de pages web chargées en moins de 5s;En train;;;;;;;;;0.127880951519999;0.00510873311482
2G/3G;Lieux de vie / Zone intermediaire;Envoi de fichier;Taux de fichiers de 2 Mo envoyés en moins de 2 min;A l'exterieur des batiments;0.912903225806;0.022195944623;0.945161290323;0.017920775678900002;0.961290322581;0.0151843878348;0.861290322581;0.0272074845512;0.920161290323;0.0106676550849
2G/3G;Lieux de vie / Zone rurale;Streaming video;Taux de videos 720p de 2 min visionnees avec une qualite parfaite;A l'exterieur des batiments;0.401146131805;0.051404317564400004;0.311428571429;0.0485670349005;0.618911174785;0.0509348619085;0.426934097420999;0.051876488245;0.439604993859999;0.026027730736800002
2G/3G;Lieux de vie / Zone intermediaire;Envoi de fichier;Taux de fichiers de 2 Mo envoyés en moins de 2 min;A l'interieur et a l'exterieur;0.853225806452;0.019697090098;0.925806451613;0.0145877530031;0.920967741935;0.0150165315681;0.793548387096999;0.0225289564492;0.873387096774;0.00925459893323
2G/3G;Lieux de vie / Toutes zones;Chargement de page web;Taux de pages web chargées en moins de 5s;A l'exterieur des batiments;0.617421180275;0.00957585257697;0.562247372676;0.00977472000722;0.595796281326;0.00966886005771;0.580638641876;0.00972239811311;0.589025869038;0.00484697365987
2G/3G;Lieux de vie / Zone intermediaire;Appels vocaux;Taux d'appels maintenus pendant 2 min;A l'interieur, a l'exterieur et en voiture;0.972207375734999;0.010536454589900001;0.978621058257999;0.00927151373959;0.985569214324;0.00764431929646;0.973796791444;0.0102445772026;0.977548564839;0.0047486434699
2G/3G/4G;Lieux de vie / Zone intermediaire;Telechargement de fichier;Taux de fichiers de 10 Mo reçus en moins de 2 min;A l'interieur des batiments;0.832258064515999;0.0294110180422;0.716129032258;0.0354908463487;0.945161290323;0.017920775678900002;0.829032258065;0.029634870190400002;0.83064516129;0.014761714633600001
2G/3G;Lieux de vie / Zone intermediaire;Appels vocaux;Taux d'appels maintenus 2 min et de qualite audio parfaite;A l'interieur des batiments;0.932692307692;0.0278022741959;0.932692307692;0.0278022741959;0.971153846154;0.0185723452897;0.932692307692;0.0278022741959;0.942307692307999;0.012936121990800001
2G/3G/4G;Lieux de vie / Zone intermediaire;Appels vocaux;Taux d'appels maintenus 2 min et de qualite audio parfaite;En voiture;0.935691318328;0.027263209455600002;0.91961414791;0.030218194256500002;0.9549839228299991;0.023043992771;0.96463022508;0.020529220421999003;0.943729903536999;0.0128058546834
2G/3G;Lieux de vie / Zone rurale;Chargement de page web;Taux de pages web chargées en moins de 5s;A l'interieur et a l'exterieur;0.370279264939999;0.0113868312277;0.414267110404;0.0116159363426;0.401244392997;0.0115582870344;0.400811476598;0.0115562255013;0.396650561234;0.00576796594845
2G/3G/4G;Lieux de vie / Zone intermediaire;Streaming video;Taux de videos 720p de 2 min visionnees avec une qualite correcte;A l'interieur des batiments;0.712903225806;0.0503621973784;0.509677419355;0.0556498333408;0.896774193548;0.033869666294800004;0.68064516129;0.0519005972499;0.7000000000000001;0.0255067353534
2G/3G;Lieux de vie / Zone intermediaire;Chargement de page web;Taux de pages web chargées en moins de 10s;A l'interieur des batiments;0.760142810776;0.0150776684247;0.742616033755;0.0154377188591;0.874716001298;0.0116893822612;0.7147030185000001;0.0159448933499;0.773044466082;0.00739524987344
2G/3G;Lieux de vie / Zone rurale;Chargement de page web;Taux de pages web chargées en moins de 10s;A l'exterieur des batiments;0.639467592593;0.016008499569200002;0.630787037037;0.016089741052500002;0.735821759259;0.0146995499894;0.677083333333;0.0155896188278;0.670789930556;0.00783373779903
2G/3G;Lieux de vie / Zone dense;Appels vocaux;Taux d'appels maintenus pendant 2 min;En voiture;0.979411764706;0.015094155943900001;0.964705882353;0.0196139579854;0.976470588235;0.0161120845098;0.970588235294;0.0179595175409;0.972794117647;0.00864626402057
2G/3G/4G;Lieux de vie / Toutes zones;Appels vocaux;Taux d'appels maintenus pendant 2 min;A l'exterieur des batiments;0.970119521912;0.010531630363500001;0.979083665338999;0.00885201025588;0.986041874377;0.00726050511075;0.970119521912;0.010531630363500001;0.976341145885;0.00470122401301
2G/3G/4G;Lieux de vie / Zone dense;Appels vocaux;Taux d'appels maintenus 2 min et de qualite audio parfaite;A l'interieur des batiments;0.9500000000000001;0.0231666596135;0.952941176471;0.0225097251525;0.985294117647;0.012795141748;0.988235294117999;0.011461391042700001;0.969117647058999;0.00919454111425
2G/3G;Lieux de vie / Zone rurale;Appels vocaux;Taux d'appels maintenus 2 min et de qualite audio parfaite;A l'interieur, a l'exterieur et en voiture;0.831833254382;0.0225479351308;0.839412600662999;0.0221341094058;0.875888204642;0.019876936286500002;0.83514921838;0.0223689769767;0.845570819517;0.0108925173154
2G/3G;Lieux de vie / Zone intermediaire;Appels vocaux;Taux d'appels maintenus 2 min et de qualite audio correcte;A l'interieur des batiments;0.961538461537999;0.021339067181999002;0.971153846154;0.0185723452897;0.983974358974;0.013934082265400001;0.961538461537999;0.021339067181999002;0.969551282050999;0.00953276038608
2G/3G/4G;Lieux de vie / Zone dense;Appels vocaux;Taux d'appels maintenus pendant 2 min;A l'interieur, a l'exterieur et en voiture;0.977450980392;0.00911102652235;0.975980392156999;0.00939635655243;0.991666666667;0.00557889541702;0.991176470588;0.00573921700636;0.984068627451;0.0038420700592000003
2G/3G;Lieux de vie / Zone dense;Appels vocaux;Taux d'appels maintenus 2 min et de qualite audio correcte;A l'interieur, a l'exterieur et en voiture;0.981372549019999;0.00829754569808;0.973039215685999;0.00994002366474;0.992156862745;0.00541366108002;0.981372549019999;0.00829754569808;0.981985294118;0.00408123939204
2G/3G;Lieux de vie / Toutes zones;Envoi de fichier;Taux de fichiers de 2 Mo envoyés en moins de 2 min;A l'exterieur des batiments;0.845845845846;0.015833668789600002;0.902902902903;0.0129832068712;0.898898898899;0.0132187897924;0.826826826827;0.0165922742099;0.868618618619;0.00740644518084
2G/3G/4G;Lieux de vie / Zone dense;Telechargement de fichier;Taux de fichiers de 10 Mo reçus en moins de 2 min;A l'interieur et a l'exterieur;0.973529411765;0.00853184489815;0.773529411765;0.0222449245452;0.988235294117999;0.00573069552133;0.969117647058999;0.00919454111425;0.926102941176;0.00695184099048
2G/3G;Lieux de vie / Zone rurale;Envoi de fichier;Debit moyen;A l'interieur et a l'exterieur;0.858861747851;;0.841359312321;;0.873919484241;;0.682656097561;;814.199160493;
2G/3G/4G;Transports / TGV;Chargement de page web;Taux de pages web chargées en moins de 10s;En train;0.451863200935999;0.0103350821749;0.341400408389999;0.00984710828811;0.670506264938;0.00976092482289;0.483920179689;0.0103779427934;0.486922513488;0.00518988074236
2G/3G/4G;Lieux de vie / Zone dense;Chargement de page web;Taux de pages web chargées en moins de 5s;A l'interieur des batiments;0.898038049941;0.0102257345181;0.657550535077;0.0160358096178;0.926575505351;0.00881432314799;0.871284185493;0.0113168080083;0.838362068966;0.00621993052746
2G/3G;Lieux de vie / Zone dense;Chargement de page web;Taux de pages web chargées en moins de 10s;A l'exterieur des batiments;0.954464285714;0.00704924087225;0.82619047619;0.0128133683084;0.945238095238;0.00769301029555;0.900892857142999;0.0101035846052;0.906696428571;0.00491741117024
2G/3G/4G;Lieux de vie / Zone dense;SMS;Taux de SMS recus en moins de 10s;A l'interieur des batiments;0.9500000000000001;0.0231666596135;0.958823529412;0.023801366084300002;0.961764705882;0.0203837107653;0.976470588235;0.0161120845098;0.961764705882;0.0101918553826
2G/3G;Lieux de vie / Zone intermediaire;Envoi de fichier;Debit moyen;A l'exterieur des batiments;1.799746129029999;;1.14877032258;;1.80815935484;;1.33627774194;;1523.2383871;
2G/3G/4G;Lieux de vie / Zone intermediaire;Appels vocaux;Taux d'appels maintenus 2 min et de qualite audio correcte;En voiture;0.958199356913;0.0222430990609;0.971061093247999;0.0186311736654;0.980707395498;0.015287660609200001;0.977491961414999;0.0164854687191;0.971864951768;0.00918909356112
2G/3G;Lieux de vie / Zone intermediaire;Chargement de page web;Taux de pages web chargées en moins de 5s;A l'exterieur des batiments;0.670454545454999;0.0166005717362;0.608116883117;0.0172406057347;0.652922077922;0.016812213035100002;0.596753246753;0.0173246132393;0.632061688311999;0.00851565300409
2G/3G/4G;Lieux de vie / Toutes zones;Chargement de page web;Taux de pages web chargées en moins de 10s;A l'interieur et a l'exterieur;0.792220257641;0.00565250935057;0.690193502753;0.0064423959062000005;0.871324643831;0.00466502960565;0.817832591993999;0.00537754758971;0.792892749055;0.00282287466191
2G/3G/4G;Lieux de vie / Zone dense;Envoi de fichier;Taux de fichiers de 2 Mo envoyés en moins de 2 min;A l'interieur des batiments;0.932352941176;0.0188762728842;0.905882352941;0.0219468929537;0.976470588235;0.0113929642159;0.944117647059;0.017264420869700002;0.939705882353;0.00894550914591
2G/3G;Lieux de vie / Zone intermediaire;Appels vocaux;Taux d'appels maintenus 2 min et de qualite audio parfaite;En voiture;0.913183279743;0.0312936729844;0.887459807074;0.0351240066757;0.9549839228299991;0.023043992771;0.938709677419;0.0267015717089;0.923584171765999;0.014768976860100001
2G/3G/4G;Lieux de vie / Toutes zones;Streaming video;Taux de videos 720p de 2 min visionnees avec une qualite correcte;A l'exterieur des batiments;0.7457457457459991;0.0270058083714;0.506012024047999;0.031007466459999;0.873873873874;0.0205899163099;0.732732732733;0.0274456397289;0.7145910941;0.014004262398
2G/3G/4G;Lieux de vie / Zone rurale;Appels vocaux;Taux d'appels maintenus pendant 2 min;A l'interieur des batiments;0.877492877493;0.0343008579288;0.928774928775;0.0269075527922;0.923076923077;0.0278772406308;0.900284900285;0.0313453382093;0.907407407407;0.015162185296
2G/3G;Lieux de vie / Zone intermediaire;Chargement de page web;Taux de pages web chargées en moins de 5s;A l'interieur des batiments;0.57740993184;0.0174426308666;0.55047062642;0.0175653308592;0.59623498864;0.017325400879300002;0.528075300227;0.017627653437;0.563047711782;0.00875729207144
2G/3G/4G;Lieux de vie / Toutes zones;SMS;Taux de SMS recus en moins de 30s;A l'exterieur des batiments;0.945219123506;0.0140756984152;0.967131474104;0.011028643211;0.971115537849;0.0103599297129;0.96812749004;0.0108658479569;0.962898406375;0.00584582399277
2G/3G/4G;Lieux de vie / Zone intermediaire;Chargement de page web;Taux de pages web chargées en moins de 10s;A l'exterieur des batiments;0.876987990912;0.0115979384922;0.785459266472;0.0144952909387;0.960402466732;0.00688606189151;0.901655306719;0.0105149196614;0.881126257709;0.00571402670544
2G/3G/4G;Lieux de vie / Zone intermediaire;Appels vocaux;Taux d'appels maintenus 2 min et de qualite audio correcte;A l'interieur des batiments;0.955128205128;0.0229718689582;0.990384615385;0.0108283939465;0.990384615385;0.0108283939465;0.974358974359;0.0175390459396;0.977564102564;0.00821661852504
2G/3G/4G;Lieux de vie / Zone rurale;Chargement de page web;Taux de pages web chargées en moins de 10s;A l'interieur et a l'exterieur;0.591691995947;0.0115922798585;0.510638297872;0.0117895911421;0.714575191779;0.010651159531;0.661835048558;0.011157483192800001;0.619685133539;0.00572472009965
2G/3G/4G;Lieux de vie / Zone dense;Streaming video;Taux de videos 720p de 2 min visionnees avec une qualite parfaite;A l'exterieur des batiments;0.929411764706;0.027226189185600002;0.664705882353;0.0501815811317;0.973529411765;0.0170636897963;0.876470588235;0.034976026799;0.861029411765;0.0183847216294
2G/3G/4G;Lieux de vie / Zone rurale;Appels vocaux;Taux d'appels maintenus 2 min et de qualite audio parfaite;A l'interieur des batiments;0.843304843305;0.0380296735087;0.831908831909;0.0391212594866;0.903133903134;0.0309431474118;0.837606837606999;0.0385839325493;0.853988603989;0.0184710647933
2G/3G;Lieux de vie / Zone intermediaire;Telechargement de fichier;Taux de fichiers de 10 Mo reçus en moins de 2 min;A l'exterieur des batiments;0.896774193548;0.0239494707136;0.809677419355;0.0309002077519;0.9806451612899991;0.0108445353751;0.864516129032;0.0269395647647;0.887903225806;0.0124167976981
2G/3G/4G;Lieux de vie / Zone dense;Envoi de fichier;Taux de fichiers de 2 Mo envoyés en moins de 2 min;A l'interieur et a l'exterieur;0.955882352941;0.0109142779635;0.936764705882;0.0129354531816;0.982352941176;0.00699771996248;0.958823529412;0.010560403636900001;0.9584558823529991;0.00530270484948
2G/3G/4G;Lieux de vie / Toutes zones;SMS;Taux de SMS recus en moins de 10s;A l'interieur et a l'exterieur;0.895812562313;0.0133692443182;0.917289486796;0.012050802001;0.936223218733999;0.010690632178900001;0.899850523168999;0.0131338458377;0.912296000997;0.00618809572864
2G/3G/4G;Lieux de vie / Toutes zones;Appels vocaux;Taux d'appels maintenus 2 min et de qualite audio parfaite;En voiture;0.887562189055;0.0195311865273;0.876616915423;0.020333202015999002;0.932338308458;0.0155285616474;0.910358565737;0.0176705413536;0.901718994668;0.00920380635095
2G/3G;Lieux de vie / Zone rurale;Telechargement de fichier;Debit moyen;A l'interieur et a l'exterieur;3.03585644699;;2.190147851;;4.13139355301;;2.72026470588;;3019.41563922;
2G/3G/4G;Lieux de vie / Zone dense;Streaming video;Taux de videos 720p de 2 min visionnees avec une qualite correcte;A l'exterieur des batiments;0.944117647059;0.0244155781405;0.697058823529;0.0488461660118;0.988235294117999;0.011461391042700001;0.891176470588;0.033102429711999004;0.880147058824;0.0172618995961
2G/3G;Lieux de vie / Zone intermediaire;Streaming video;Taux de videos 720p de 2 min visionnees avec une qualite correcte;A l'exterieur des batiments;0.748387096774;0.0483064168168;0.503225806452;0.0556591013621;0.932258064516;0.0279751290972;0.670967741935;0.0523052502122;0.713709677418999;0.025159925771500002
2G/3G;Lieux de vie / Zone dense;Appels vocaux;Taux d'appels maintenus pendant 2 min;A l'exterieur des batiments;0.994117647059;0.00812851186062;0.988235294117999;0.011461391042700001;0.997058823529;0.00575622213106;0.985294117647;0.012795141748;0.991176470588;0.00497030772534
2G/3G/4G;Lieux de vie / Zone dense;SMS;Taux de SMS recus en moins de 30s;A l'interieur et a l'exterieur;0.969117647058999;0.013003044743600001;0.985294117647;0.00904753149624;0.985294117647;0.00904753149624;0.998529411765;0.00288023278426;0.984558823528999;0.00463375051006
2G/3G;Lieux de vie / Toutes zones;Streaming video;Taux de videos 720p de 2 min visionnees avec une qualite parfaite;A l'interieur et a l'exterieur;0.612112112112;0.0213661820906;0.411205602801;0.0215759375039;0.764764764765;0.0185983086842;0.581872809214;0.021628508238400002;0.592488822223;0.0107730376417
2G/3G/4G;Lieux de vie / Zone dense;Streaming video;Taux de videos 720p de 2 min visionnees avec une qualite correcte;A l'interieur et a l'exterieur;0.927941176470999;0.0194359342822;0.630882352941;0.0362708897396;0.975;0.0117347523095;0.875;0.0248576831536;0.852205882353;0.0133374393535
2G/3G/4G;Lieux de vie / Zone intermediaire;Streaming video;Taux de videos 720p de 2 min visionnees avec une qualite correcte;A l'interieur et a l'exterieur;0.756451612903;0.0337865176831;0.541935483871;0.0392190749468;0.93064516129;0.019998189136200002;0.729032258064999;0.0349858472275;0.739516129032;0.0172740620298
2G/3G/4G;Lieux de vie / Zone intermediaire;Appels vocaux;Taux d'appels maintenus pendant 2 min;A l'interieur, a l'exterieur et en voiture;0.972741849278;0.010437518553;0.987172634955;0.00721299360249;0.991448423303;0.00590212532101;0.985569214324;0.00764431929646;0.984233030465;0.0039924855442
2G/3G/4G;Transports / Autoroutes;SMS;Taux de SMS recus en moins de 10s;En voiture;0.793227111418999;0.022015571679900002;0.750921505742;0.023509845884800002;0.886878388013;0.017218258503700002;0.878737037564;0.0177450794415;0.827441010685;0.010270503024700001
2G/3G/4G;Lieux de vie / Zone intermediaire;Chargement de page web;Taux de pages web chargées en moins de 5s;A l'interieur et a l'exterieur;0.760837798344;0.0106543887882;0.62676628228;0.0120803488819;0.871062033128;0.00837049575154;0.751867489445;0.0107881932431;0.752633400799;0.00538850768418
2G/3G/4G;Lieux de vie / Zone rurale;Appels vocaux;Taux d'appels maintenus pendant 2 min;A l'interieur, a l'exterieur et en voiture;0.897678825201;0.018270979365;0.938891520606;0.0144403268907;0.938833570413;0.0144535650969;0.909004739336;0.0173466882178;0.92110272689;0.00812786264206
2G/3G;Lieux de vie / Zone dense;Telechargement de fichier;Debit moyen;A l'interieur des batiments;8.76373117647;;2.95495205882;;9.86902088235;;7.48244705882;;7267.53779412;
2G/3G;Lieux de vie / Zone dense;Chargement de page web;Taux de pages web chargées en moins de 10s;A l'interieur et a l'exterieur;0.929634037489;0.00611426336952;0.794108896162;0.00966641950814;0.937518595655999;0.00578591639314;0.876971139542;0.00785241002158;0.884558167212;0.00381963290987
2G/3G/4G;Lieux de vie / Zone intermediaire;Envoi de fichier;Debit moyen;A l'interieur et a l'exterieur;6.09240532258;;3.94105177419;;8.59564774194;;4.82435419355;;5863.36475806;
2G/3G;Lieux de vie / Zone intermediaire;Streaming video;Taux de videos 720p de 2 min visionnees avec une qualite correcte;A l'interieur et a l'exterieur;0.703225806452;0.0359600836445;0.491935483871;0.0393526274093;0.893548387097;0.024277020622800002;0.625806451613;0.0380915278327;0.678629032258;0.018380180364700002
2G/3G/4G;Lieux de vie / Zone rurale;Telechargement de fichier;Debit moyen;A l'interieur des batiments;4.63077879656;;2.67718424069;;7.78757335244;;4.45418534483;;4887.43043363;
2G/3G/4G;Lieux de vie / Zone rurale;Streaming video;Taux de videos 720p de 2 min visionnees avec une qualite parfaite;A l'exterieur des batiments;0.461318051576;0.0523197185303;0.247126436782;0.0452709481648;0.650429799427;0.050045655288;0.498567335244;0.052476780733500004;0.464360405757;0.0261717579309
2G/3G/4G;Lieux de vie / Zone intermediaire;SMS;Taux de SMS recus en moins de 10s;A l'interieur des batiments;0.897435897435999;0.0336649663854;0.913461538462;0.031198124899900002;0.951923076922999;0.0237382136626;0.897435897435999;0.0336649663854;0.915064102564;0.0154675018959
2G/3G;Lieux de vie / Zone rurale;Appels vocaux;Taux d'appels maintenus 2 min et de qualite audio correcte;A l'interieur des batiments;0.834757834758;0.038854668107700004;0.900284900285;0.0313453382093;0.860398860398999;0.0362574208977;0.840455840456;0.0383089649487;0.858974358974;0.018205879281
2G/3G;Lieux de vie / Zone dense;Streaming video;Taux de videos 720p de 2 min visionnees avec une qualite correcte;A l'interieur des batiments;0.844117647058999;0.0385581846658;0.473529411764999;0.053073429196;0.911764705882;0.030149434457800002;0.776470588235;0.0442839605664;0.751470588235;0.0229684404026
2G/3G;Lieux de vie / Zone intermediaire;Telechargement de fichier;Debit moyen;A l'interieur et a l'exterieur;7.6237572580599995;;3.24643096774;;9.73569387097;;5.9769416129;;6645.70592742;
2G/3G/4G;Lieux de vie / Toutes zones;Chargement de page web;Taux de pages web chargées en moins de 5s;A l'interieur des batiments;0.655384926247999;0.00936440074326;0.523241713824;0.00984158247376;0.741942002626999;0.00862200502983;0.666093465507;0.00929275906485;0.646665527051;0.0047094207877000005
2G/3G/4G;Lieux de vie / Toutes zones;Streaming video;Taux de videos 720p de 2 min visionnees avec une qualite correcte;A l'interieur et a l'exterieur;0.699199199199;0.0201118783076;0.470205307962;0.0218882097835;0.833833833834;0.0163238927921;0.695543314972;0.0201807603447;0.674695413992;0.0102726301834
2G/3G/4G;Lieux de vie / Toutes zones;SMS;Taux de SMS recus en moins de 10s;A l'exterieur des batiments;0.925298804781;0.0162627501872;0.923306772908;0.0164604131563;0.952191235059999;0.0131979070978;0.923306772908;0.0164604131563;0.931025896414;0.00783760067169
2G/3G;Lieux de vie / Zone intermediaire;Chargement de page web;Taux de pages web chargées en moins de 10s;A l'interieur et a l'exterieur;0.806362603473;0.00986711690178;0.770978737218;0.0104927559038;0.90521019315;0.00731452290083;0.760753124493;0.0106530870717;0.810826164584;0.00488984263735
2G/3G/4G;Lieux de vie / Zone rurale;Appels vocaux;Taux d'appels maintenus 2 min et de qualite audio correcte;En voiture;0.847457627119;0.0374549037683;0.887005649718;0.0329796466345;0.884180790959999;0.033336137245500004;0.844192634561;0.037834107200900004;0.865709175589;0.017765892574
2G/3G/4G;Lieux de vie / Zone dense;SMS;Taux de SMS recus en moins de 30s;A l'exterieur des batiments;0.970588235294;0.0179595175409;0.985294117647;0.012795141748;0.988235294117999;0.011461391042700001;0.997058823529;0.00575622213106;0.985294117647;0.00639757087399
2G/3G/4G;Transports / Autres grandes lignes;Chargement de page web;Taux de pages web chargées en moins de 5s;En train;0.499390634939;0.00825074239305;0.25246674622299903;0.00716870478034;0.529894080902;0.00823598865539;0.439705832303;0.00819053951372;0.430364323592;0.00408516941621
2G/3G;Lieux de vie / Zone rurale;Appels vocaux;Taux d'appels maintenus pendant 2 min;A l'interieur, a l'exterieur et en voiture;0.87730933207;0.0197788354611;0.928469919468999;0.0155362733492;0.914258645192;0.0168790611412;0.87730933207;0.0197788354611;0.8993368072000001;0.00906953699532
2G/3G;Lieux de vie / Zone dense;Telechargement de fichier;Taux de fichiers de 10 Mo reçus en moins de 2 min;A l'interieur et a l'exterieur;0.948529411764999;0.0117433386196;0.775;0.0221936497277;0.983823529412;0.0067048197346000005;0.9500000000000001;0.0115833298067;0.914338235293999;0.00743709913567
2G/3G/4G;Lieux de vie / Zone dense;Chargement de page web;Taux de pages web chargées en moins de 10s;A l'interieur et a l'exterieur;0.955700906794;0.00491704037896;0.808532778356;0.00940245775342;0.971606957039;0.00396914198827;0.947227590308;0.00534288700991;0.920767058124;0.00322732824747
2G/3G/4G;Lieux de vie / Zone dense;Envoi de fichier;Debit moyen;A l'interieur des batiments;8.42682735294;;4.72397029412;;10.99146;;6.47545676471;;7654.42860294;
2G/3G/4G;Lieux de vie / Zone rurale;Envoi de fichier;Debit moyen;A l'interieur et a l'exterieur;1.82121876791;;1.07117679083;;2.21489169054;;1.76280373027;;1717.52274489;
2G/3G;Lieux de vie / Zone dense;Telechargement de fichier;Debit moyen;A l'interieur et a l'exterieur;9.27357058824;;3.20569617647;;10.4060541176;;8.10362617647;;7747.23676471;
2G/3G/4G;Lieux de vie / Zone dense;Appels vocaux;Taux d'appels maintenus pendant 2 min;A l'interieur des batiments;0.970588235294;0.0179595175409;0.979411764706;0.015094155943900001;0.988235294117999;0.011461391042700001;0.994117647059;0.00812851186062;0.983088235294;0.0068529463278
2G/3G;Lieux de vie / Toutes zones;Appels vocaux;Taux d'appels maintenus 2 min et de qualite audio parfaite;A l'interieur, a l'exterieur et en voiture;0.912653603453999;0.0100833320854;0.896379940219;0.0108842014514;0.937894387247;0.00861927984926;0.911642584287999;0.010137584750100001;0.914642419049;0.00498957247249
2G/3G/4G;Transports / Trains du Quotidien;Chargement de page web;Taux de pages web chargées en moins de 5s;En train;0.603427824483;0.00658983524714;0.319560486682999;0.00628162593002;0.686529933872;0.00624925933762;0.563455542962999;0.00668105178444;0.543243447;0.0033551382249000002
2G/3G/4G;Lieux de vie / Zone rurale;Chargement de page web;Taux de pages web chargées en moins de 5s;A l'interieur et a l'exterieur;0.42147922999;0.0116459421925;0.356057316543999;0.011293033775;0.529599073672;0.0117715799292;0.476880707349;0.0117796478726;0.446004081889;0.00586164842986
2G/3G/4G;Lieux de vie / Toutes zones;Envoi de fichier;Taux de fichiers de 2 Mo envoyés en moins de 2 min;A l'exterieur des batiments;0.866866866867;0.0148962724776;0.884884884885;0.0139948385897;0.914914914915;0.012234195098700001;0.880880880881;0.0142039016971;0.886886886887;0.00694414735819
2G/3G/4G;Lieux de vie / Zone rurale;Streaming video;Taux de videos 720p de 2 min visionnees avec une qualite parfaite;A l'interieur et a l'exterieur;0.386819484241;0.0361436750734;0.238163558105999;0.0316120377471;0.575931232092;0.0366764611632;0.45050215208;0.0369245659028;0.41285410663;0.0182694422103
2G/3G;Lieux de vie / Zone dense;Envoi de fichier;Taux de fichiers de 2 Mo envoyés en moins de 2 min;A l'exterieur des batiments;0.979411764706;0.0106731800242;0.947058823529;0.0168301073597;0.973529411765;0.012065850767;0.917647058824;0.020662316546200002;0.954411764706;0.00783909453732
2G/3G;Lieux de vie / Toutes zones;Telechargement de fichier;Taux de fichiers de 10 Mo reçus en moins de 2 min;A l'exterieur des batiments;0.844844844845;0.0158755914334;0.724724724724999;0.019585220761;0.928928928929;0.0112666811451;0.8498498498499991;0.0156636263928;0.837087087087;0.00809638980857
2G/3G;Lieux de vie / Zone intermediaire;Streaming video;Taux de videos 720p de 2 min visionnees avec une qualite parfaite;A l'interieur des batiments;0.616129032258;0.0541381853875;0.451612903226;0.0553990106802;0.829032258065;0.0419100353424;0.538709677419;0.055493202032200005;0.608870967742;0.0271623842564
2G/3G/4G;Lieux de vie / Toutes zones;Appels vocaux;Taux d'appels maintenus pendant 2 min;A l'interieur des batiments;0.936191425723;0.015126116986900001;0.965104685941999;0.011357333341400001;0.966101694915;0.0111996904389;0.957128614158;0.0125364483619;0.956131605184;0.00633738830385
2G/3G;Lieux de vie / Zone rurale;Appels vocaux;Taux d'appels maintenus 2 min et de qualite audio correcte;A l'exterieur des batiments;0.926136363635999;0.0273235767997;0.957386363635999;0.021100981469800002;0.957386363635999;0.021100981469800002;0.923295454545;0.0278013342179;0.941051136364;0.0123026614898
2G/3G;Lieux de vie / Toutes zones;Telechargement de fichier;Taux de fichiers de 10 Mo reçus en moins de 2 min;A l'interieur et a l'exterieur;0.795295295295;0.0125111900881;0.684684684685;0.014407490549600001;0.896896896897;0.009429260473;0.814221331998;0.0120597877514;0.797774552219;0.00622728153359
2G/3G/4G;Lieux de vie / Zone rurale;SMS;Taux de SMS recus en moins de 30s;A l'interieur et a l'exterieur;0.849002849002999;0.0264866154165;0.935988620199;0.0180943208719;0.921763869132;0.019851436163100002;0.900426742532;0.0221347162404;0.901814300961;0.0110003961604
2G/3G;Lieux de vie / Zone dense;Chargement de page web;Taux de pages web chargées en moins de 5s;A l'interieur des batiments;0.718619869126;0.0152003483496;0.559785841761;0.0167803175424;0.657941701368;0.0160361824665;0.640987507436;0.0162157402856;0.644333729923;0.00809103341332
2G/3G/4G;Lieux de vie / Zone rurale;Telechargement de fichier;Taux de fichiers de 10 Mo reçus en moins de 2 min;A l'exterieur des batiments;0.719197707736;0.0333390201591;0.441260744986;0.0368366899915;0.813753581662;0.0288814359102;0.776504297994;0.0309054363605;0.687679083095;0.017190630566100002
2G/3G;Lieux de vie / Zone rurale;Telechargement de fichier;Debit moyen;A l'exterieur des batiments;3.42507535817;;2.47257679083;;4.77858481375;;3.09695386819;;3443.29770774;
2G/3G/4G;Lieux de vie / Toutes zones;Appels vocaux;Taux d'appels maintenus 2 min et de qualite audio parfaite;A l'interieur des batiments;0.911266201396;0.0175983833177;0.915254237287999;0.0172359599105;0.957128614158;0.0125364483619;0.926221335992;0.016178132525800002;0.927467597208;0.00802584955016
2G/3G/4G;Transports / TGV;SMS;Taux de SMS recus en moins de 10s;En train;0.635435969418999;0.0260641297835;0.621468348932;0.026265219261;0.818075605286;0.0208911628282;0.722880006815;0.0242374797937;0.699464982612999;0.0124142634467
2G/3G/4G;Lieux de vie / Toutes zones;Telechargement de fichier;Taux de fichiers de 10 Mo reçus en moins de 2 min;A l'exterieur des batiments;0.8688688688689991;0.0148009077434;0.65965965966;0.020776625277;0.9299299299299991;0.0111930828453;0.88988988989;0.013725875782200001;0.837087087087;0.00809638980857
2G/3G/4G;Lieux de vie / Toutes zones;Telechargement de fichier;Taux de fichiers de 10 Mo reçus en moins de 2 min;A l'interieur et a l'exterieur;0.824824824825;0.0117865755913;0.634634634635;0.0149312468956;0.909409409409;0.00890003615812;0.854281422133;0.0109402802428;0.805787572751;0.00613323067099
2G/3G;Lieux de vie / Toutes zones;Envoi de fichier;Taux de fichiers de 2 Mo envoyés en moins de 2 min;A l'interieur et a l'exterieur;0.789289289289;0.012645380870700001;0.865365365365;0.010583971374999002;0.854354354354;0.0109380089655;0.771156735103;0.0130259947691;0.820041436028;0.00595586254862
2G/3G/4G;Lieux de vie / Zone intermediaire;Telechargement de fichier;Debit moyen;A l'interieur et a l'exterieur;17.4340740323;;14.2480682258;;28.87031;;10.7355125806;;17821.9912097;
2G/3G/4G;Lieux de vie / Zone dense;Appels vocaux;Taux d'appels maintenus pendant 2 min;En voiture;0.970588235294;0.0179595175409;0.952941176471;0.0225097251525;0.991176470588;0.00994061545068;0.976470588235;0.0161120845098;0.972794117647;0.00864626402057
2G/3G/4G;Transports / Metro;SMS;Taux de SMS recus en moins de 10s;En train;0.794329535689;0.0221257692424;0.850299596511;0.0195303277145;0.857464779928;0.019137327953;0.711859681904;0.0247919834035;0.803488398508;0.0108759190337
2G/3G/4G;Lieux de vie / Toutes zones;Telechargement de fichier;Taux de fichiers de 10 Mo reçus en moins de 2 min;A l'interieur des batiments;0.780780780781;0.018143311121;0.60960960961;0.0213938102208;0.888888888889;0.0137820925323;0.818637274549;0.0168978889539;0.774479138457;0.00916391188667
2G/3G;Lieux de vie / Toutes zones;Telechargement de fichier;Debit moyen;A l'interieur et a l'exterieur;6.58247512513;;2.86355545546;;8.00598583584;;5.56444371557;;5754.115033;
2G/3G/4G;Lieux de vie / Zone rurale;Chargement de page web;Taux de pages web chargées en moins de 10s;A l'interieur des batiments;0.524016203704;0.0166575261456;0.488425925926;0.016672306236;0.659722222221999;0.0158029953269;0.601741654572;0.0163278702883;0.568476501605999;0.00825981935383
2G/3G/4G;Lieux de vie / Toutes zones;Appels vocaux;Taux d'appels maintenus pendant 2 min;En voiture;0.939303482587;0.0147624314301;0.945273631841;0.014062098189999001;0.96815920398;0.0108552139612;0.952191235059999;0.0131979070978;0.951231888367;0.00665898809397
2G/3G/4G;Transports / Autres grandes lignes;SMS;Taux de SMS recus en moins de 10s;En train;0.692674945882;0.0252862555209;0.669744176435;0.0257751092271;0.756939222163;0.023507624538800002;0.772834038281;0.0229633660515;0.723048095691;0.012262430942700001
2G/3G/4G;Lieux de vie / Zone intermediaire;Appels vocaux;Taux d'appels maintenus pendant 2 min;A l'interieur des batiments;0.964743589744;0.0204646240479;0.990384615385;0.0108283939465;0.990384615385;0.0108283939465;0.980769230769;0.0152391421012;0.981570512820999;0.0074621874738000004
2G/3G/4G;Lieux de vie / Zone rurale;Appels vocaux;Taux d'appels maintenus 2 min et de qualite audio parfaite;En voiture;0.790960451976999;0.0423590346256;0.796610169492;0.0419316527588;0.861581920904;0.035974862111999004;0.813031161473;0.0406730676829;0.815545925961;0.0202090635072
2G/3G;Lieux de vie / Zone rurale;Appels vocaux;Taux d'appels maintenus pendant 2 min;A l'exterieur des batiments;0.931818181818;0.0263320468338;0.963068181818;0.0197021491017;0.9687500000000001;0.0181767238069;0.926136363635999;0.0273235767997;0.947443181818;0.0116559013684
2G/3G/4G;Lieux de vie / Zone intermediaire;Streaming video;Taux de videos 720p de 2 min visionnees avec une qualite correcte;A l'exterieur des batiments;0.8;0.044528207805;0.574193548387;0.055044064789100004;0.964516129032;0.0205942256675;0.777419354838999;0.0463069947896;0.779032258065;0.023093373955500002
2G/3G/4G;Lieux de vie / Toutes zones;Chargement de page web;Taux de pages web chargées en moins de 10s;A l'interieur des batiments;0.751565972924;0.00851439366119;0.667138237672;0.00928548306719;0.84247751844;0.00717819189705;0.775642322476;0.00821988702241;0.759206012877999;0.00421247439794
2G/3G/4G;Lieux de vie / Zone dense;Telechargement de fichier;Debit moyen;A l'interieur et a l'exterieur;32.1098708824;;18.7614539706;;47.6688641176;;21.0600923529;;29900.0703309;
2G/3G/4G;Lieux de vie / Zone rurale;Chargement de page web;Taux de pages web chargées en moins de 5s;A l'interieur des batiments;0.364872685185;0.0160562134459;0.3359375;0.0157534537447;0.475405092593;0.0166565867518;0.432510885341;0.0165241584185;0.402181540779999;0.00817725973855
2G/3G/4G;Lieux de vie / Zone intermediaire;Telechargement de fichier;Taux de fichiers de 10 Mo reçus en moins de 2 min;A l'interieur et a l'exterieur;0.870967741934999;0.0186593028117;0.732258064516;0.0246453794848;0.967741935484;0.0098343160726;0.874193548387;0.0184586733252;0.861290322581;0.00961929841258
2G/3G;Lieux de vie / Zone dense;Appels vocaux;Taux d'appels maintenus 2 min et de qualite audio correcte;En voiture;0.970588235294;0.0179595175409;0.958823529412;0.021120807273800002;0.976470588235;0.0161120845098;0.961764705882;0.0203837107653;0.966911764705999;0.00950641659179
2G/3G/4G;Lieux de vie / Zone dense;Appels vocaux;Taux d'appels maintenus pendant 2 min;A l'exterieur des batiments;0.991176470588;0.00994061545068;0.982352941176;0.013995439925;0.997058823529;0.00575622213106;0.994117647059;0.00812851186062;0.991176470588;0.00497030772534
2G/3G/4G;Lieux de vie / Toutes zones;Appels vocaux;Taux d'appels maintenus 2 min et de qualite audio correcte;En voiture;0.918407960199;0.0169244574536;0.934328358209;0.0153148145643;0.949253731343;0.0135695752619;0.92828685259;0.0159598831202;0.932569225585;0.0077529446216
2G/3G;Lieux de vie / Zone rurale;Appels vocaux;Taux d'appels maintenus 2 min et de qualite audio correcte;A l'interieur, a l'exterieur et en voiture;0.865940312648;0.0205405305914;0.910468972051;0.017212261603;0.896731406916;0.018345683559;0.861676930365;0.0208131646389;0.883704405495;0.00966326130856
2G/3G/4G;Lieux de vie / Toutes zones;Chargement de page web;Taux de pages web chargées en moins de 10s;A l'exterieur des batiments;0.832878650095999;0.00735030961919;0.713246438315;0.00890990384847;0.900171769223;0.0059059284691000006;0.859971711457;0.00683673543761;0.826567142273;0.00372969711103
2G/3G;Lieux de vie / Zone intermediaire;Chargement de page web;Taux de pages web chargées en moins de 5s;A l'interieur et a l'exterieur;0.623924687551;0.0120957823771;0.579289076449;0.0123273586299;0.624573932803;0.0120916232288;0.562408699886;0.0123877040594;0.597549099171999;0.00612271044415
2G/3G;Lieux de vie / Zone dense;Streaming video;Taux de videos 720p de 2 min visionnees avec une qualite correcte;A l'interieur et a l'exterieur;0.879411764706;0.024476550960400002;0.532352941176;0.0375025283088;0.927941176470999;0.0194359342822;0.813235294118;0.0292925465282;0.788235294118;0.015354170097600001
2G/3G;Lieux de vie / Toutes zones;Streaming video;Taux de videos 720p de 2 min visionnees avec une qualite correcte;A l'interieur des batiments;0.605605605606;0.0303101429917;0.404404404404;0.0304376663702;0.75975975976;0.0264965113036;0.573146292584999;0.030676086086;0.585729015589;0.0152752493013
2G/3G;Lieux de vie / Toutes zones;Telechargement de fichier;Debit moyen;A l'exterieur des batiments;7.08477577578;;3.11403223223;;8.58868048048;;6.04780760761;;6208.82402402;
2G/3G;Lieux de vie / Zone dense;Envoi de fichier;Debit moyen;A l'interieur des batiments;1.72124;;1.07913970588;;1.78758882353;;1.48699029412;;1518.73970588;
2G/3G/4G;Lieux de vie / Zone rurale;Chargement de page web;Taux de pages web chargées en moins de 10s;A l'exterieur des batiments;0.659426585577999;0.0158063159576;0.532869968144;0.016640699494;0.769475818129;0.0140474596675;0.721771858714999;0.014946605122999002;0.670886057641;0.00783627356958
2G/3G;Lieux de vie / Toutes zones;Envoi de fichier;Debit moyen;A l'interieur des batiments;1.25708878879;;0.934124424424;;1.32701141141;;1.03575791583;;1138.49563511;
2G/3G;Lieux de vie / Toutes zones;Envoi de fichier;Debit moyen;A l'interieur et a l'exterieur;1.43333193193;;1.0281527027;;1.46522012012;;1.16618157236;;1273.22158178;
2G/3G/4G;Lieux de vie / Zone rurale;Appels vocaux;Taux d'appels maintenus pendant 2 min;En voiture;0.889830508475;0.0326166053418;0.915254237287999;0.0290124437057;0.926553672315999;0.0271753267194;0.895184135977;0.0319549701808;0.906705638514;0.0151543986656
2G/3G/4G;Lieux de vie / Toutes zones;Appels vocaux;Taux d'appels maintenus 2 min et de qualite audio correcte;A l'interieur des batiments;0.929212362911;0.0158723708632;0.959122632104;0.0122541766386;0.960119641077;0.0121101022775;0.9481555334;0.013721342410500001;0.949152542373;0.00679795426461
2G/3G/4G;Lieux de vie / Zone intermediaire;Appels vocaux;Taux d'appels maintenus 2 min et de qualite audio parfaite;A l'exterieur des batiments;0.967948717949;0.0195446389378;0.955128205128;0.0229718689582;0.99358974359;0.00885564146434;0.974358974359;0.0175390459396;0.972756410256;0.00903198058213
2G/3G/4G;Lieux de vie / Zone intermediaire;SMS;Taux de SMS recus en moins de 30s;A l'interieur et a l'exterieur;0.951923076922999;0.0167854518541;0.958333333333;0.015678931142300002;0.980769230769;0.0107757007192;0.979166666667;0.011206538;0.967548076922999;0.00695168807359
2G/3G;Lieux de vie / Zone rurale;Envoi de fichier;Taux de fichiers de 2 Mo envoyés en moins de 2 min;A l'interieur des batiments;0.498567335244;0.0371066875115;0.684813753582;0.0344789341101;0.621776504298;0.0359894633624;0.57183908046;0.0367218366035;0.594249168396;0.018220822203
2G/3G/4G;Lieux de vie / Toutes zones;Appels vocaux;Taux d'appels maintenus 2 min et de qualite audio correcte;A l'exterieur des batiments;0.961155378486;0.0119522993678;0.975099601594;0.0096386642481;0.984047856431;0.00775395434357;0.962151394421999;0.011804181095200001;0.970613557733;0.00522408191826
2G/3G/4G;Lieux de vie / Zone intermediaire;Streaming video;Taux de videos 720p de 2 min visionnees avec une qualite parfaite;A l'exterieur des batiments;0.777419354838999;0.0463069947896;0.538709677419;0.055493202032200005;0.948387096774;0.024629023160600002;0.735483870967999;0.049100722232700005;0.75;0.0241015994651
2G/3G/4G;Lieux de vie / Zone rurale;Telechargement de fichier;Debit moyen;A l'interieur et a l'exterieur;5.534452149;;3.54351260745;;9.48879627507;;4.84390760402;;5852.66715888;
2G/3G;Lieux de vie / Zone intermediaire;Telechargement de fichier;Taux de fichiers de 10 Mo reçus en moins de 2 min;A l'interieur des batiments;0.8;0.031486197693;0.758064516128999;0.0337103371125;0.935483870968;0.0193380433545;0.767741935483999;0.033239406408100004;0.815322580645;0.0152722092112
2G/3G/4G;Transports / Autoroutes;SMS;Taux de SMS recus en moins de 30s;En voiture;0.861821886192;0.018759133958600002;0.858008830421;0.0189740893867;0.956524694182;0.0110854623497;0.969140923985;0.00940089757132;0.911374083695;0.00772472639689
2G/3G;Lieux de vie / Toutes zones;Chargement de page web;Taux de pages web chargées en moins de 5s;A l'interieur et a l'exterieur;0.576184702435;0.00688471381426;0.526422148126;0.00695631891473;0.564463978984;0.00690791320202;0.543014557218;0.00694022635468;0.552521346691;0.00346375696744
2G/3G/4G;Lieux de vie / Zone intermediaire;Envoi de fichier;Debit moyen;A l'interieur des batiments;4.8459716129;;3.04363774194;;7.04277645161;;3.9551116129;;4721.87435484;
2G/3G;Lieux de vie / Zone rurale;Streaming video;Taux de videos 720p de 2 min visionnees avec une qualite correcte;A l'interieur des batiments;0.32664756447;0.0492220721938;0.269340974212;0.0465594191092;0.527220630372;0.0523991714516;0.367816091954;0.0506099658784;0.372756315252;0.0253746243306
2G/3G/4G;Lieux de vie / Zone rurale;SMS;Taux de SMS recus en moins de 10s;A l'exterieur des batiments;0.846590909091;0.037648448894;0.900568181818;0.0312612060815;0.914772727273;0.029169611124200003;0.852272727273;0.0370684456239;0.878551136364;0.0170621986559
2G/3G/4G;Lieux de vie / Zone rurale;Appels vocaux;Taux d'appels maintenus 2 min et de qualite audio correcte;A l'interieur, a l'exterieur et en voiture;0.882046423495999;0.0194455332083;0.923259118901;0.0160469969927;0.923660502608;0.0160160326988;0.887677725118;0.0190451640825;0.904162103428999;0.00887530142978
2G/3G/4G;Lieux de vie / Zone dense;Streaming video;Taux de videos 720p de 2 min visionnees avec une qualite correcte;A l'interieur des batiments;0.911764705882;0.030149434457800002;0.564705882353;0.0527010378396;0.961764705882;0.0203837107653;0.858823529412;0.03701261248;0.824264705882;0.0202278379423
2G/3G;Lieux de vie / Zone intermediaire;Appels vocaux;Taux d'appels maintenus pendant 2 min;En voiture;0.977491961414999;0.0164854687191;0.96463022508;0.020529220421999003;0.987138263666;0.012523181393600001;0.970967741935;0.0186903757771;0.975057048024;0.00866980731064
2G/3G/4G;Transports / Metro;SMS;Taux de SMS recus en moins de 30s;En train;0.854200049237;0.0193183728353;0.924047418001;0.0145020854178;0.931320564739999;0.0138444278673;0.919389458549;0.014902452213;0.907239372631999;0.00794007942134
2G/3G;Lieux de vie / Zone rurale;Streaming video;Taux de videos 720p de 2 min visionnees avec une qualite parfaite;A l'interieur et a l'exterieur;0.34670487106;0.0353071808201;0.281831187411;0.0333761436508;0.553008595989;0.0368844988241;0.380200860832;0.0360130904941;0.390436378823;0.0180960181282
2G/3G;Lieux de vie / Toutes zones;Appels vocaux;Taux d'appels maintenus 2 min et de qualite audio correcte;A l'interieur des batiments;0.9222333001;0.0165738284593;0.945164506481;0.014089324937700001;0.944167497507;0.0142093324318;0.927218344965;0.0160770949309;0.934695912263;0.00764506116471
2G/3G/4G;Lieux de vie / Zone dense;SMS;Taux de SMS recus en moins de 30s;A l'interieur des batiments;0.967647058823999;0.0188075397053;0.985294117647;0.012795141748;0.982352941176;0.013995439925;1.0;0.0;0.983823529412;0.0067048197346000005
2G/3G/4G;Lieux de vie / Zone intermediaire;Streaming video;Taux de videos 720p de 2 min visionnees avec une qualite parfaite;A l'interieur des batiments;0.687096774194;0.051616576872400004;0.477419354839;0.055603470062400004;0.883870967742;0.0356648221283;0.664516129032;0.0525610231321;0.678225806452;0.0260020739658
2G/3G/4G;Lieux de vie / Zone dense;Envoi de fichier;Debit moyen;A l'interieur et a l'exterieur;9.78214691176;;6.24256044118;;12.9866227941;;7.22075705882;;9058.02180147;
2G/3G;Lieux de vie / Zone rurale;Chargement de page web;Taux de pages web chargées en moins de 5s;A l'exterieur des batiments;0.422164351851999;0.016466911409;0.458622685185;0.0166129591691;0.44704861111099903;0.0165763938181;0.448784722222;0.0165824562271;0.444155092593;0.0082829177217
2G/3G;Lieux de vie / Toutes zones;Telechargement de fichier;Taux de fichiers de 10 Mo reçus en moins de 2 min;A l'interieur des batiments;0.7457457457459991;0.0190959902308;0.644644644645;0.020989606624100002;0.864864864865;0.014992392538900001;0.778557114228;0.0182091126355;0.758453092371;0.00938529192788
2G/3G/4G;Lieux de vie / Toutes zones;SMS;Taux de SMS recus en moins de 30s;A l'interieur et a l'exterieur;0.921734795613;0.0117537908937;0.959641255605;0.00861004980129;0.96163428002;0.00840347727001;0.958146487294;0.00876121418771;0.950292761927999;0.00475464358253
2G/3G/4G;Lieux de vie / Toutes zones;Streaming video;Taux de videos 720p de 2 min visionnees avec une qualite parfaite;A l'exterieur des batiments;0.718718718719;0.0278854443339;0.479959919839999;0.0309847908906;0.852852852852999;0.0219705359744;0.700700700701;0.028401861229;0.688058048028;0.0143663721317
2G/3G;Lieux de vie / Toutes zones;Chargement de page web;Taux de pages web chargées en moins de 10s;A l'interieur et a l'exterieur;0.763766798019999;0.00591789931332;0.713296958674;0.00630039897437;0.836364554916;0.005154104463999;0.750050545896;0.00603237148045;0.765869714375999;0.00294980268002
2G/3G/4G;Lieux de vie / Zone rurale;Telechargement de fichier;Debit moyen;A l'exterieur des batiments;6.43812550143;;4.40984097421;;11.1900191977;;5.23251318052;;6817.62471347;
2G/3G;Lieux de vie / Toutes zones;Streaming video;Taux de videos 720p de 2 min visionnees avec une qualite correcte;A l'interieur et a l'exterieur;0.65015015015;0.020912502646500002;0.44072036018;0.0217697975987;0.799299299299;0.0175625466123;0.615423134701999;0.0213322574324;0.626398236082999;0.0106061571035
2G/3G;Lieux de vie / Zone intermediaire;Appels vocaux;Taux d'appels maintenus pendant 2 min;A l'interieur des batiments;0.964743589744;0.0204646240479;0.977564102564;0.0164332370501;0.983974358974;0.013934082265400001;0.967948717949;0.0195446389378;0.973557692307999;0.00890183012349
2G/3G;Lieux de vie / Toutes zones;Appels vocaux;Taux d'appels maintenus pendant 2 min;A l'exterieur des batiments;0.96812749004;0.0108658479569;0.979083665338999;0.00885201025588;0.984063745019999;0.00774629381715;0.964143426294999;0.0115012337786;0.973854581673;0.0049351922207000005
2G/3G/4G;Lieux de vie / Toutes zones;Appels vocaux;Taux d'appels maintenus pendant 2 min;A l'interieur, a l'exterieur et en voiture;0.948023912321;0.0079275689263;0.966456326802;0.00643020788228;0.973089700997;0.00578011385733;0.960637767813;0.00694576973478;0.962051914503;0.00341215562921
2G/3G;Lieux de vie / Zone intermediaire;Appels vocaux;Taux d'appels maintenus 2 min et de qualite audio correcte;En voiture;0.96463022508;0.020529220421999003;0.945337620579;0.0252646690536;0.983922829582;0.013978520356;0.964516129032;0.0205942256675;0.964601701068;0.0102727262479
2G/3G;Lieux de vie / Zone dense;Streaming video;Taux de videos 720p de 2 min visionnees avec une qualite parfaite;A l'interieur des batiments;0.797058823529;0.0427510599209;0.438235294118;0.0527408972142;0.858823529412;0.03701261248;0.752941176471;0.045845564170600005;0.711764705882;0.0240729005103
2G/3G/4G;Lieux de vie / Zone rurale;Appels vocaux;Taux d'appels maintenus 2 min et de qualite audio correcte;A l'interieur des batiments;0.871794871795;0.0349753739664;0.91452991453;0.0292488328238;0.908831908831999;0.0301138114845;0.880341880342;0.0339546518289;0.893874643874999;0.0161109224353
2G/3G/4G;Lieux de vie / Zone rurale;Telechargement de fichier;Taux de fichiers de 10 Mo reçus en moins de 2 min;A l'interieur des batiments;0.558739255014;0.036849890740900004;0.383954154728;0.0360935972176;0.747851002865;0.0322270184841;0.672413793103;0.0348309304297;0.590739551427999;0.0182453366944
2G/3G;Lieux de vie / Zone rurale;Appels vocaux;Taux d'appels maintenus 2 min et de qualite audio correcte;En voiture;0.838983050847;0.0382883658312;0.847457627119;0.0374549037683;0.884180790959999;0.033336137245500004;0.802259887006;0.0414915222248;0.843220338983;0.0189382498544
2G/3G;Lieux de vie / Zone dense;Appels vocaux;Taux d'appels maintenus pendant 2 min;A l'interieur, a l'exterieur et en voiture;0.987254901961;0.00688402161268;0.985784313725;0.00726492026782;0.992156862745;0.00541366108002;0.98431372549;0.00762575172144;0.98737745098;0.00342563530002
2G/3G/4G;Lieux de vie / Zone intermediaire;Appels vocaux;Taux d'appels maintenus pendant 2 min;En voiture;0.961414790997;0.0214063048018;0.971061093247999;0.0186311736654;0.990353697749;0.0108630423693;0.990353697749;0.0108630423693;0.978295819936;0.00809753198283
2G/3G/4G;Lieux de vie / Toutes zones;SMS;Taux de SMS recus en moins de 30s;A l'interieur des batiments;0.898203592814;0.0187230169151;0.952143569292;0.0132107348589;0.952143569292;0.0132107348589;0.9481555334;0.013721342410500001;0.9376714036399991;0.00748167346129
2G/3G;Lieux de vie / Zone rurale;Chargement de page web;Taux de pages web chargées en moins de 10s;A l'interieur des batiments;0.489435600579;0.0166748628372;0.535745296671;0.0166359101991;0.617366136035;0.0162125874372;0.556458635704;0.0165719164493;0.549751417246999;0.00829790747797
2G/3G/4G;Lieux de vie / Zone rurale;Streaming video;Taux de videos 720p de 2 min visionnees avec une qualite correcte;A l'interieur des batiments;0.34670487106;0.0499497874949;0.240687679082999;0.0448679385347;0.538681948424;0.0523197185303;0.442528735632;0.0521291861445;0.392150808549999;0.025620844854
2G/3G/4G;Transports / Autres grandes lignes;Chargement de page web;Taux de pages web chargées en moins de 10s;En train;0.64498614704;0.00789625544412;0.408574766677999;0.00811164697325;0.699446937319;0.00756591244527;0.613086536863999;0.00803694796314;0.591523596975;0.00405567246121
2G/3G;Lieux de vie / Zone rurale;Telechargement de fichier;Taux de fichiers de 10 Mo reçus en moins de 2 min;A l'interieur et a l'exterieur;0.598853868195;0.0257159684861;0.508595988539;0.0262299199308;0.75787965616;0.0224753734479;0.680057388809;0.0244737193335;0.636346725426;0.012619780855700001
2G/3G/4G;Lieux de vie / Zone rurale;Envoi de fichier;Taux de fichiers de 2 Mo envoyés en moins de 2 min;A l'exterieur des batiments;0.716332378223;0.0334418684929;0.776504297994;0.0309054363605;0.787965616046;0.0303239058709;0.739255014327;0.0325711792205;0.755014326648;0.0159531447059
2G/3G/4G;Lieux de vie / Toutes zones;Appels vocaux;Taux d'appels maintenus 2 min et de qualite audio parfaite;A l'exterieur des batiments;0.941235059761;0.0145478030276;0.926294820717;0.0161626599679;0.980059820538;0.00865159993248;0.949203187251;0.013582729146800001;0.949198222067;0.00679252445168
2G/3G;Lieux de vie / Toutes zones;Appels vocaux;Taux d'appels maintenus 2 min et de qualite audio parfaite;A l'interieur des batiments;0.899302093718999;0.018623814081;0.897308075773;0.0187864421241;0.924227318046;0.0163776405455;0.900299102692;0.018541657176400002;0.905284147556999;0.00906106828017
2G/3G;Lieux de vie / Toutes zones;Appels vocaux;Taux d'appels maintenus 2 min et de qualite audio correcte;A l'exterieur des batiments;0.965139442231;0.0113462255566;0.975099601594;0.0096386642481;0.980079681275;0.00864307037487;0.962151394421999;0.011804181095200001;0.970617529879999;0.0052230891207000005
2G/3G;Lieux de vie / Zone dense;Envoi de fichier;Taux de fichiers de 2 Mo envoyés en moins de 2 min;A l'interieur des batiments;0.917647058824;0.020662316546200002;0.902941176471;0.0222509652581;0.938235294118;0.0180937125643;0.852941176471;0.026619917125900002;0.902941176471;0.011125482629
2G/3G;Lieux de vie / Zone rurale;Streaming video;Taux de videos 720p de 2 min visionnees avec une qualite correcte;A l'exterieur des batiments;0.432664756447;0.0519617184966;0.342857142857;0.0497822315672;0.65329512894;0.049914019651100004;0.458452722063;0.0522580656846;0.471817437577;0.026178025819
2G/3G/4G;Lieux de vie / Zone intermediaire;Telechargement de fichier;Debit moyen;A l'exterieur des batiments;18.4908567742;;16.42403;;32.5336219355;;11.7723793548;;19805.2220161;
2G/3G/4G;Lieux de vie / Zone rurale;Appels vocaux;Taux d'appels maintenus 2 min et de qualite audio parfaite;A l'exterieur des batiments;0.880681818182;0.0338647261701;0.869318181818;0.0352112712758;0.957264957264999;0.0211597564618;0.897727272727;0.0316546027592;0.901248057498;0.0155884888642
2G/3G/4G;Transports / TGV;SMS;Taux de SMS recus en moins de 30s;En train;0.753296151352;0.0233448592668;0.757458661932;0.023210942531;0.915398629608;0.0150700346697;0.885101077688;0.0172693040502;0.827813630145;0.0102224759936
2G/3G;Lieux de vie / Toutes zones;Chargement de page web;Taux de pages web chargées en moins de 10s;A l'interieur des batiments;0.714790866842;0.00889627934698;0.677005455648;0.00921363232313;0.803596686198999;0.00782763693723;0.70661407767;0.00897114710427;0.72550177159;0.00439639004407
2G/3G/4G;Transports / Autoroutes;Appels vocaux;Taux d'appels maintenus pendant 2 min;En voiture;0.893479327167;0.0170548395217;0.809808716753;0.0216957646176;0.932987587376999;0.0138230536123;0.888475884988;0.0174018590898;0.881187879070999;0.00894382037722
2G/3G;Lieux de vie / Toutes zones;Appels vocaux;Taux d'appels maintenus 2 min et de qualite audio correcte;A l'interieur, a l'exterieur et en voiture;0.936565924942;0.00870480546329;0.950182663567;0.0077700245414;0.956492859515;0.00728533830724;0.935392791895;0.00878088299281;0.944658270477;0.00408300907783
2G/3G/4G;Lieux de vie / Toutes zones;Streaming video;Taux de videos 720p de 2 min visionnees avec une qualite correcte;A l'interieur des batiments;0.652652652653;0.0295291347901;0.434434434434;0.030741940356200002;0.793793793794;0.0250918331391;0.658316633267;0.0294141977739;0.634799378537;0.0149307519331
2G/3G;Lieux de vie / Zone intermediaire;Streaming video;Taux de videos 720p de 2 min visionnees avec une qualite parfaite;A l'interieur et a l'exterieur;0.662903225806;0.0372102502767;0.462903225806;0.0392492716762;0.86935483871;0.026528056213;0.58064516129;0.038842436236800004;0.643951612903;0.0188456603625
2G/3G/4G;Lieux de vie / Toutes zones;Telechargement de fichier;Debit moyen;A l'interieur des batiments;17.4705004004;;10.1918039039;;26.1455239239;;11.3623471944;;16292.5438557;
2G/3G;Lieux de vie / Toutes zones;Appels vocaux;Taux d'appels maintenus pendant 2 min;En voiture;0.937313432836;0.0149865858146;0.93631840796;0.015097039016300001;0.955223880597;0.012786416654700001;0.924302788845;0.0163619961597;0.938289627559;0.00743951475941
2G/3G/4G;Lieux de vie / Zone intermediaire;Appels vocaux;Taux d'appels maintenus 2 min et de qualite audio parfaite;A l'interieur des batiments;0.945512820513;0.0251860260959;0.967948717949;0.0195446389378;0.987179487179;0.0124833036388;0.958333333333;0.022173357065;0.964743589744;0.0102323120239
2G/3G;Lieux de vie / Toutes zones;Appels vocaux;Taux d'appels maintenus pendant 2 min;A l'interieur des batiments;0.930209371884;0.01576865;0.962113659023;0.011815718257800001;0.951146560319;0.0133406472001;0.936191425723;0.015126116986900001;0.944915254237;0.00705972385783
2G/3G/4G;Lieux de vie / Zone rurale;SMS;Taux de SMS recus en moins de 10s;A l'interieur et a l'exterieur;0.801994301994;0.029478949336800002;0.881934566145;0.0238538220324;0.883357041252;0.023728801870700002;0.806543385491;0.0292000817591;0.843472073995;0.0134325021322
2G/3G/4G;Lieux de vie / Zone intermediaire;Appels vocaux;Taux d'appels maintenus pendant 2 min;A l'exterieur des batiments;0.990384615385;0.0108283939465;0.990384615385;0.0108283939465;0.99358974359;0.00885564146434;0.990384615385;0.0108283939465;0.991185897435999;0.00518579549054
2G/3G;Lieux de vie / Zone dense;Appels vocaux;Taux d'appels maintenus pendant 2 min;A l'interieur des batiments;0.985294117647;0.012795141748;0.991176470588;0.00994061545068;0.994117647059;0.00812851186062;0.988235294117999;0.011461391042700001;0.9897058823529991;0.00536456184738
2G/3G;Lieux de vie / Zone intermediaire;Chargement de page web;Taux de pages web chargées en moins de 10s;A l'exterieur des batiments;0.852597402597;0.0125200275322;0.799350649351;0.0141438700806;0.935714285714;0.00866182848637;0.806818181818;0.0139428538795;0.848620129869999;0.00632909254819
2G/3G;Lieux de vie / Zone intermediaire;Appels vocaux;Taux d'appels maintenus 2 min et de qualite audio parfaite;A l'interieur, a l'exterieur et en voiture;0.935863174773;0.015703995946300002;0.931587386424;0.0161819239875;0.96846606093;0.0112016392205;0.942245989305;0.0149608358015;0.944542980824;0.00733613749775
2G/3G;Lieux de vie / Toutes zones;Envoi de fichier;Debit moyen;A l'exterieur des batiments;1.60957507508;;1.12218098098;;1.603428828829999;;1.29647467467;;1407.91488989;
2G/3G/4G;Lieux de vie / Zone intermediaire;Appels vocaux;Taux d'appels maintenus 2 min et de qualite audio correcte;A l'interieur, a l'exterieur et en voiture;0.966328166756;0.011562346128900001;0.987172634955;0.00721299360249;0.989845002671999;0.00642648902306;0.979155531801;0.00915738591032;0.980625334045999;0.00441762590893
2G/3G;Lieux de vie / Zone intermediaire;Envoi de fichier;Debit moyen;A l'interieur des batiments;1.37743354839;;1.02325258065;;1.47136419355;;1.05805483871;;1232.52629032;
2G/3G/4G;Transports / Trains du Quotidien;SMS;Taux de SMS recus en moins de 30s;En train;0.865663337123;0.0151243507219;0.848882564619;0.015884957009;0.924398477055;0.0117246485226;0.929785668843;0.011332070175800001;0.89218251191;0.00687775041697
2G/3G/4G;Lieux de vie / Toutes zones;Appels vocaux;Taux d'appels maintenus 2 min et de qualite audio correcte;A l'interieur, a l'exterieur et en voiture;0.938060445035;0.00860851101866;0.960312188642;0.00697209639631;0.966279069767;0.00644765443484;0.949510048165;0.00782083195382;0.9535404852079991;0.00375873359251
2G/3G/4G;Lieux de vie / Toutes zones;Envoi de fichier;Debit moyen;A l'exterieur des batiments;6.79361011011;;4.61372562563;;9.15661671672;;5.20694664665;;6442.72477477;
2G/3G/4G;Lieux de vie / Zone rurale;Appels vocaux;Taux d'appels maintenus 2 min et de qualite audio correcte;A l'exterieur des batiments;0.914772727273;0.029169611124200003;0.954545454545;0.021760642102300002;0.965811965812;0.0190101642302;0.920454545454999;0.0282679032948;0.938896173271;0.01251560972
2G/3G/4G;Lieux de vie / Zone rurale;SMS;Taux de SMS recus en moins de 30s;A l'exterieur des batiments;0.897727272727;0.0316546027592;0.948863636364;0.0230118514641;0.940340909091;0.0247437614689;0.917613636364;0.0287238292416;0.926136363635999;0.0136617883998
2G/3G/4G;Lieux de vie / Toutes zones;Envoi de fichier;Debit moyen;A l'interieur des batiments;4.91846386386;;2.82979249249;;6.5653047047;;3.93602094188;;4562.39550074;
2G/3G;Lieux de vie / Zone intermediaire;Appels vocaux;Taux d'appels maintenus 2 min et de qualite audio correcte;A l'exterieur des batiments;0.977564102564;0.0164332370501;0.980769230769;0.0152391421012;0.987179487179;0.0124833036388;0.980769230769;0.0152391421012;0.981570512820999;0.0074621874738000004
2G/3G;Lieux de vie / Zone dense;Envoi de fichier;Debit moyen;A l'exterieur des batiments;2.04166;;1.255134411759999;;2.038475;;1.78009852941;;1778.84198529;
2G/3G/4G;Lieux de vie / Toutes zones;Telechargement de fichier;Debit moyen;A l'interieur et a l'exterieur;18.2717145646;;12.0445259259;;28.4972970971;;12.1948343515;;17752.0929848;
2G/3G/4G;Lieux de vie / Zone dense;Envoi de fichier;Taux de fichiers de 2 Mo envoyés en moins de 2 min;A l'exterieur des batiments;0.979411764706;0.0106731800242;0.967647058823999;0.013298938863;0.988235294117999;0.00810442732809;0.973529411765;0.012065850767;0.977205882353;0.00560887870625
2G/3G/4G;Lieux de vie / Zone intermediaire;Envoi de fichier;Taux de fichiers de 2 Mo envoyés en moins de 2 min;A l'exterieur des batiments;0.912903225806;0.022195944623;0.916129032258;0.021819479019100002;0.977419354839;0.0116941555693;0.938709677419;0.0188808624237;0.936290322581;0.00961254091374
2G/3G;Lieux de vie / Zone rurale;Appels vocaux;Taux d'appels maintenus 2 min et de qualite audio parfaite;A l'interieur des batiments;0.800569800569999;0.0418020496374;0.840455840456;0.0383089649487;0.840455840456;0.0383089649487;0.809116809117;0.0411142117252;0.822649572649999;0.0199800272095
2G/3G/4G;Lieux de vie / Zone rurale;SMS;Taux de SMS recus en moins de 10s;A l'interieur des batiments;0.757142857143;0.0449248260987;0.863247863248;0.0359449041276;0.851851851852;0.037164873818900004;0.760683760684;0.0446365551559;0.808267997149;0.0205992890696
2G/3G/4G;Lieux de vie / Zone dense;Chargement de page web;Taux de pages web chargées en moins de 10s;A l'exterieur des batiments;0.970561998216;0.00571292394894;0.832292595897;0.0126271916372;0.979185251264;0.00482514818785;0.963722866488;0.00631953613151;0.936440677966;0.00412280131063
2G/3G/4G;Lieux de vie / Toutes zones;Streaming video;Taux de videos 720p de 2 min visionnees avec une qualite parfaite;A l'interieur et a l'exterieur;0.672172172172;0.0205861839814;0.448172258388;0.021809059001;0.813313313312999;0.0170882776587;0.665498247370999;0.020691183592;0.649788997811;0.0104600497799
2G/3G/4G;Transports / Autoroutes;Chargement de page web;Taux de pages web chargées en moins de 10s;En voiture;0.782560902074;0.007805201192929;0.44309054033399903;0.00939928345685;0.826982289114999;0.00715730617096;0.767789297751;0.00798947704675;0.705105757318999;0.00431406308932
2G/3G;Lieux de vie / Toutes zones;Chargement de page web;Taux de pages web chargées en moins de 5s;A l'interieur des batiments;0.53495655688;0.00982750379007;0.490604162457;0.00984987025771;0.533138007678;0.00982994938572;0.505360032362;0.00985104375755;0.516014689845;0.00492327762955
2G/3G;Lieux de vie / Zone dense;Chargement de page web;Taux de pages web chargées en moins de 5s;A l'interieur et a l'exterieur;0.744123772687;0.0104314426877;0.593275810771;0.0117431643514;0.67717941089;0.011177361644;0.671228800952;0.011230238807300001;0.671451948825;0.00561414646659
2G/3G/4G;Lieux de vie / Zone rurale;Streaming video;Taux de videos 720p de 2 min visionnees avec une qualite parfaite;A l'interieur des batiments;0.312320916904999;0.048639870062400004;0.229226361032;0.0441158518653;0.501432664756;0.052476780733500004;0.402298850575;0.0514654061664;0.361319698317;0.0252090539619
2G/3G/4G;Lieux de vie / Zone rurale;Chargement de page web;Taux de pages web chargées en moins de 5s;A l'exterieur des batiments;0.478134955111;0.0166608215473;0.37619461338;0.0161574532416;0.58384013901;0.0164406555589;0.521134916039;0.0166618696688;0.489826155885;0.00833666108125
2G/3G/4G;Lieux de vie / Zone rurale;Streaming video;Taux de videos 720p de 2 min visionnees avec une qualite correcte;A l'interieur et a l'exterieur;0.425501432665;0.0366926394745;0.249641319942999;0.032120082779;0.610315186246;0.0361924342691;0.490674318508;0.0371003850359;0.44403306433999906;0.018436823878
2G/3G/4G;Transports / Autres grandes lignes;Appels vocaux;Taux d'appels maintenus pendant 2 min;En train;0.759833762484;0.023806003455;0.724889210786;0.02488632972;0.813197727512;0.021737607779;0.761725233614;0.0237415691349;0.764901467993;0.0118183465649
2G/3G;Lieux de vie / Toutes zones;Streaming video;Taux de videos 720p de 2 min visionnees avec une qualite correcte;A l'exterieur des batiments;0.694694694695;0.0285550654259;0.47700000000000004;0.0309691315495;0.838838838839;0.0227975644415;0.657657657658;0.0294204453451;0.667047797797999;0.014610276009
2G/3G/4G;Lieux de vie / Toutes zones;Envoi de fichier;Debit moyen;A l'interieur et a l'exterieur;5.85603698699;;3.72175905906;;7.86096071071;;4.571802003;;5502.63968994;
2G/3G;Lieux de vie / Zone dense;Appels vocaux;Taux d'appels maintenus 2 min et de qualite audio parfaite;A l'interieur des batiments;0.970588235294;0.0179595175409;0.923529411765;0.0282480968667;0.967647058823999;0.0188075397053;0.964705882353;0.0196139579854;0.956617647059;0.010827105358200001
2G/3G/4G;Lieux de vie / Zone dense;Appels vocaux;Taux d'appels maintenus 2 min et de qualite audio parfaite;En voiture;0.944117647059;0.0244155781405;0.920588235294;0.0287403297483;0.985294117647;0.012795141748;0.961764705882;0.0203837107653;0.952941176471;0.0112548625762
2G/3G;Lieux de vie / Zone rurale;Envoi de fichier;Debit moyen;A l'exterieur des batiments;1.01971289398;;0.969038108883;;0.997749283668;;0.789967335244;;944.116905444;
2G/3G/4G;Lieux de vie / Zone dense;Appels vocaux;Taux d'appels maintenus 2 min et de qualite audio correcte;En voiture;0.955882352941;0.021828555927;0.9500000000000001;0.0231666596135;0.988235294117999;0.011461391042700001;0.970588235294;0.0179595175409;0.966176470587999;0.00960780781424
2G/3G/4G;Lieux de vie / Zone intermediaire;Telechargement de fichier;Debit moyen;A l'interieur des batiments;16.3772912903;;12.0721064516;;25.2069980645;;9.69864580645;;15838.7604032;
2G/3G/4G;Lieux de vie / Zone dense;Chargement de page web;Taux de pages web chargées en moins de 5s;A l'exterieur des batiments;0.942908117752;0.00784177732194;0.755278025572;0.014530566497600001;0.953612845674;0.00710849315446;0.921201308356;0.00910603707227;0.893250074338;0.0052183471026000005
2G/3G/4G;Lieux de vie / Zone intermediaire;Appels vocaux;Taux d'appels maintenus 2 min et de qualite audio correcte;A l'exterieur des batiments;0.987179487179;0.0124833036388;0.990384615385;0.0108283939465;0.99358974359;0.00885564146434;0.987179487179;0.0124833036388;0.989583333333;0.00563299477359
2G/3G;Lieux de vie / Zone rurale;Appels vocaux;Taux d'appels maintenus 2 min et de qualite audio parfaite;En voiture;0.793785310733999;0.0421469127654;0.765536723164;0.0441341604892;0.847457627119;0.0374549037683;0.765536723164;0.0441341604892;0.793079096044999;0.0211001177856
2G/3G/4G;Lieux de vie / Zone dense;Appels vocaux;Taux d'appels maintenus 2 min et de qualite audio correcte;A l'interieur des batiments;0.964705882353;0.0196139579854;0.976470588235;0.0161120845098;0.985294117647;0.012795141748;0.994117647059;0.00812851186062;0.980147058824;0.00741386486249
2G/3G;Lieux de vie / Toutes zones;Streaming video;Taux de videos 720p de 2 min visionnees avec une qualite parfaite;A l'interieur des batiments;0.564564564565;0.0307500883165;0.377377377377;0.0300627049447;0.719719719719999;0.027855159387;0.540080160321;0.0309099184507;0.550435455496;0.015425771934999001
2G/3G;Lieux de vie / Zone intermediaire;Telechargement de fichier;Debit moyen;A l'exterieur des batiments;8.24509774194;;3.46064258065;;10.2958580645;;6.43383580645;;7108.85854839;
2G/3G/4G;Lieux de vie / Zone intermediaire;SMS;Taux de SMS recus en moins de 30s;A l'exterieur des batiments;0.971153846154;0.0185723452897;0.967948717949;0.0195446389378;0.987179487179;0.0124833036388;0.99358974359;0.00885564146434;0.979967948718;0.00777351473624
2G/3G/4G;Lieux de vie / Zone dense;Telechargement de fichier;Debit moyen;A l'interieur des batiments;31.6468464706;;16.1909464706;;45.845135;;19.9499582353;;28408.2215441;
2G/3G/4G;Lieux de vie / Toutes zones;Envoi de fichier;Taux de fichiers de 2 Mo envoyés en moins de 2 min;A l'interieur et a l'exterieur;0.811311311311;0.0121321341124;0.851351351350999;0.0110307591321;0.878878878879;0.0101168417973;0.830245368052;0.0116408461963;0.842946727398;0.00564110349834
2G/3G/4G;Lieux de vie / Zone dense;Telechargement de fichier;Taux de fichiers de 10 Mo reçus en moins de 2 min;A l'interieur des batiments;0.961764705882;0.014413460107900001;0.744117647059;0.0327976392666;0.982352941176;0.00989627047663;0.958823529412;0.0149346660475;0.911764705882;0.010659434777
2G/3G/4G;Lieux de vie / Zone dense;Appels vocaux;Taux d'appels maintenus 2 min et de qualite audio parfaite;A l'interieur, a l'exterieur et en voiture;0.958823529412;0.012194103765;0.949509803922;0.013437214216700001;0.987254901961;0.00688402161268;0.980882352941;0.00840391528492;0.969117647058999;0.00530847078739
2G/3G;Lieux de vie / Zone rurale;Chargement de page web;Taux de pages web chargées en moins de 10s;A l'interieur et a l'exterieur;0.564462451164999;0.011692153824;0.583273042974999;0.0116258827957;0.676602517725;0.0110306044764;0.616867120707;0.0114639613576;0.610301283143;0.00575003944793
2G/3G/4G;Transports / Autoroutes;Chargement de page web;Taux de pages web chargées en moins de 5s;En voiture;0.582790075053999;0.00933017091699;0.255910536447;0.00825682103437;0.591368879568;0.00930146085639;0.532814961046;0.00944036702316;0.490721113029;0.00472956744067
2G/3G/4G;Transports / Trains du Quotidien;SMS;Taux de SMS recus en moins de 10s;En train;0.818140353528;0.0171075188822;0.743322150921999;0.0193725898056;0.869621427128;0.014933897878800001;0.828613553908;0.01671356916;0.814924371372;0.00861208333655
2G/3G/4G;Lieux de vie / Zone rurale;Telechargement de fichier;Taux de fichiers de 10 Mo reçus en moins de 2 min;A l'interieur et a l'exterieur;0.638968481375;0.0252001675358;0.412607449857;0.0258299699283;0.780802292264;0.0217059948118;0.724533715924999;0.0234398418021;0.639227984855;0.0125981120369
2G/3G;Lieux de vie / Zone rurale;Telechargement de fichier;Debit moyen;A l'interieur des batiments;2.64663753582;;1.90771891117;;3.48420229226;;2.34249310345;;2595.26296068;
2G/3G/4G;Lieux de vie / Zone dense;Streaming video;Taux de videos 720p de 2 min visionnees avec une qualite parfaite;A l'interieur et a l'exterieur;0.910294117647;0.021478450354600002;0.608823529412;0.0366803685949;0.963235294118;0.0141443617986;0.854411764706;0.0265093064587;0.834191176470999;0.0139768155597
2G/3G/4G;Lieux de vie / Zone intermediaire;Telechargement de fichier;Taux de fichiers de 10 Mo reçus en moins de 2 min;A l'exterieur des batiments;0.909677419355;0.0225632732344;0.748387096774;0.034157794906;0.990322580645;0.00770598834584;0.9193548387099991;0.021433394969700002;0.891935483871;0.012219080007
2G/3G/4G;Transports / Trains du Quotidien;Appels vocaux;Taux d'appels maintenus pendant 2 min;En train;0.772463628522;0.0190889831964;0.768740529581;0.0191980896053;0.83126130941;0.0170758058679;0.783770627637;0.018744341911400002;0.789591667923999;0.00928255741858
2G/3G/4G;Lieux de vie / Zone dense;Streaming video;Taux de videos 720p de 2 min visionnees avec une qualite parfaite;A l'interieur des batiments;0.891176470588;0.033102429711999004;0.552941176470999;0.052849199610300004;0.952941176471;0.0225097251525;0.832352941176;0.0397071157056;0.807352941176;0.020960397983700002
2G/3G/4G;Transports / TGV;Appels vocaux;Taux d'appels maintenus pendant 2 min;En train;0.698502087154;0.0254711676116;0.771459743095;0.0233056293062;0.870117309817;0.018658957973;0.776293679541;0.0231299661399;0.779093204902;0.011513095171400001
2G/3G;Lieux de vie / Zone rurale;Appels vocaux;Taux d'appels maintenus pendant 2 min;A l'interieur des batiments;0.846153846154;0.03774596225;0.920227920227999;0.0283449485808;0.880341880342;0.0339546518289;0.857549857549999;0.0365648374101;0.876068376068;0.0172358453831
2G/3G/4G;Lieux de vie / Zone dense;Appels vocaux;Taux d'appels maintenus 2 min et de qualite audio correcte;A l'exterieur des batiments;0.985294117647;0.012795141748;0.982352941176;0.013995439925;0.994117647059;0.00812851186062;0.982352941176;0.013995439925;0.986029411765;0.00623790703683
2G/3G;Lieux de vie / Zone intermediaire;Telechargement de fichier;Debit moyen;A l'interieur des batiments;7.00241677419;;3.03221935484;;9.17552967742;;5.52004741935;;6182.55330645;
2G/3G;Lieux de vie / Zone dense;Appels vocaux;Taux d'appels maintenus 2 min et de qualite audio correcte;A l'interieur des batiments;0.976470588235;0.0161120845098;0.967647058823999;0.0188075397053;0.994117647059;0.00812851186062;0.985294117647;0.012795141748;0.980882352941;0.007278004128
2G/3G/4G;Transports / Metro;Appels vocaux;Taux d'appels maintenus pendant 2 min;En train;0.629320955798;0.0276638574391;0.655654531312;0.027215250965900002;0.704771360957;0.0261488252017;0.744069472977;0.0249945552194;0.683445690318999;0.0133234435615
2G/3G/4G;Lieux de vie / Zone intermediaire;SMS;Taux de SMS recus en moins de 10s;A l'exterieur des batiments;0.967948717949;0.0195446389378;0.923076923077;0.0295682788362;0.971153846154;0.0185723452897;0.958333333333;0.022173357065;0.955128205128;0.0114859344791
2G/3G/4G;Lieux de vie / Zone intermediaire;Envoi de fichier;Taux de fichiers de 2 Mo envoyés en moins de 2 min;A l'interieur des batiments;0.812903225805999;0.0306981921352;0.896774193548;0.0239494707136;0.922580645161;0.0210371629145;0.832258064515999;0.0294110180422;0.866129032258;0.0134018493115
2G/3G/4G;Lieux de vie / Zone dense;Envoi de fichier;Debit moyen;A l'exterieur des batiments;11.1374664706;;7.76115058824;;14.9817855882;;7.96605735294;;10461.615;
2G/3G;Lieux de vie / Zone dense;Appels vocaux;Taux d'appels maintenus 2 min et de qualite audio parfaite;A l'interieur, a l'exterieur et en voiture;0.975;0.00958138513872;0.923039215686;0.0163568926816;0.974019607843;0.00976253685481;0.962745098039;0.0116226017236;0.958700980392;0.00610572790605
2G/3G;Lieux de vie / Zone intermediaire;Envoi de fichier;Debit moyen;A l'interieur et a l'exterieur;1.58858983871;;1.08601145161;;1.63976177419;;1.19716629032;;1377.88233871;
2G/3G;Lieux de vie / Zone intermediaire;Appels vocaux;Taux d'appels maintenus pendant 2 min;A l'exterieur des batiments;0.980769230769;0.0152391421012;0.987179487179;0.0124833036388;0.987179487179;0.0124833036388;0.983974358974;0.013934082265400001;0.984775641026;0.00679339606374
2G/3G;Lieux de vie / Zone rurale;Streaming video;Taux de videos 720p de 2 min visionnees avec une qualite correcte;A l'interieur et a l'exterieur;0.379656160458;0.0360030938512;0.306151645207;0.0341923492051;0.590257879656;0.036484177672;0.413199426112;0.0365303202732;0.422316277857999;0.0183215554011
2G/3G;Lieux de vie / Zone intermediaire;Appels vocaux;Taux d'appels maintenus 2 min et de qualite audio parfaite;A l'exterieur des batiments;0.951923076922999;0.0237382136626;0.951923076922999;0.0237382136626;0.971153846154;0.0185723452897;0.958333333333;0.022173357065;0.958333333333;0.0110866785325
2G/3G/4G;Lieux de vie / Zone rurale;SMS;Taux de SMS recus en moins de 30s;A l'interieur des batiments;0.8;0.0419065627319;0.923076923077;0.0278772406308;0.903133903134;0.0309431474118;0.883190883191;0.0336022355546;0.877405559515;0.0171617991403
2G/3G;Lieux de vie / Zone intermediaire;Streaming video;Taux de videos 720p de 2 min visionnees avec une qualite correcte;A l'interieur des batiments;0.658064516129;0.052805790327;0.480645161289999;0.0556185423671;0.854838709676999;0.0392141426604;0.58064516129;0.0549315001217;0.643548387097;0.0266585254586
2G/3G;Lieux de vie / Zone dense;Telechargement de fichier;Debit moyen;A l'exterieur des batiments;9.78341;;3.45644029412;;10.9430873529;;8.72480529412;;8226.93573529;
2G/3G/4G;Lieux de vie / Zone intermediaire;Chargement de page web;Taux de pages web chargées en moins de 10s;A l'interieur et a l'exterieur;0.838610163988;0.00918870650694;0.762384278056999;0.0106306735321;0.937642091587999;0.0060394938931;0.851250405976;0.00888776963882;0.847471734902;0.00448997589931
2G/3G/4G;Lieux de vie / Toutes zones;Telechargement de fichier;Debit moyen;A l'exterieur des batiments;19.0729287287;;13.8972479479;;30.8490702703;;13.0264881882;;19211.4337838;
2G/3G;Lieux de vie / Zone dense;Appels vocaux;Taux d'appels maintenus 2 min et de qualite audio parfaite;A l'exterieur des batiments;0.988235294117999;0.011461391042700001;0.926470588235;0.0277436103954;0.988235294117999;0.011461391042700001;0.973529411765;0.0170636897963;0.969117647058999;0.00919454111425
2G/3G;Lieux de vie / Toutes zones;Appels vocaux;Taux d'appels maintenus 2 min et de qualite audio correcte;En voiture;0.922388059701;0.016542233514200002;0.915422885572;0.017203244242;0.946268656716;0.013941006096;0.906374501992;0.018019391665100002;0.922613525996;0.00826113095229
2G/3G;Lieux de vie / Zone intermediaire;Streaming video;Taux de videos 720p de 2 min visionnees avec une qualite parfaite;A l'exterieur des batiments;0.709677419355;0.0505296308819;0.474193548387;0.0555860738633;0.909677419355;0.031909287019600004;0.622580645161;0.053961636983300004;0.679032258065;0.025984904521600002
2G/3G/4G;Transports / Trains du Quotidien;Chargement de page web;Taux de pages web chargées en moins de 10s;En train;0.733491503818;0.00595598841401;0.459489826108;0.00671337114313;0.80347201883;0.00535301359018;0.712380104119;0.00609770098992;0.677208363219;0.00314914798001
2G/3G;Lieux de vie / Zone dense;Streaming video;Taux de videos 720p de 2 min visionnees avec une qualite parfaite;A l'exterieur des batiments;0.879411764706;0.0346150703283;0.555882352941;0.052814974145600005;0.914705882353;0.0296904574705;0.826470588235;0.040254724764500004;0.794117647059;0.021490108205
2G/3G/4G;Lieux de vie / Zone intermediaire;Envoi de fichier;Debit moyen;A l'exterieur des batiments;7.33883903226;;4.8384658064499995;;10.1485190323;;5.69359677419;;7004.85516129;
2G/3G/4G;Lieux de vie / Zone dense;Appels vocaux;Taux d'appels maintenus 2 min et de qualite audio correcte;A l'interieur, a l'exterieur et en voiture;0.970098039216;0.010452342512200001;0.974019607843;0.00976253685481;0.988725490196;0.00647951776873;0.986274509804;0.00714033884811;0.979779411764999;0.00431903812041
2G/3G;Lieux de vie / Toutes zones;Appels vocaux;Taux d'appels maintenus 2 min et de qualite audio parfaite;En voiture;0.887562189055;0.0195311865273;0.853731343284;0.0218478794091;0.92039800995;0.0167348890961;0.876494023904;0.0203520275002;0.884546391548;0.00988009524885
2G/3G;Lieux de vie / Zone dense;Telechargement de fichier;Taux de fichiers de 10 Mo reçus en moins de 2 min;A l'interieur des batiments;0.935294117647;0.018490455011200002;0.729411764706;0.0333920015628;0.979411764706;0.0106731800242;0.935294117647;0.018490455011200002;0.894852941176;0.0115277890024
2G/3G;Lieux de vie / Zone rurale;Appels vocaux;Taux d'appels maintenus 2 min et de qualite audio parfaite;A l'exterieur des batiments;0.897727272727;0.0316546027592;0.875;0.0345496595826;0.943181818182;0.0241838876072;0.909090909091;0.0300325393279;0.9062500000000001;0.015225248577500001
2G/3G/4G;Lieux de vie / Zone dense;Chargement de page web;Taux de pages web chargées en moins de 5s;A l'interieur et a l'exterieur;0.920469748774;0.00646571108596;0.706407016501;0.0108829264928;0.940092165899;0.00567116631184;0.896239036718;0.00728742810287;0.865801991973;0.00407284316575
2G/3G;Lieux de vie / Zone dense;Appels vocaux;Taux d'appels maintenus 2 min et de qualite audio parfaite;En voiture;0.961764705882;0.0203837107653;0.914705882353;0.0296904574705;0.964705882353;0.0196139579854;0.935294117647;0.026149452251300002;0.944117647059;0.0122077890702
2G/3G;Lieux de vie / Zone dense;Appels vocaux;Taux d'appels maintenus 2 min et de qualite audio correcte;A l'exterieur des batiments;0.994117647059;0.00812851186062;0.988235294117999;0.011461391042700001;0.997058823529;0.00575622213106;0.985294117647;0.012795141748;0.991176470588;0.00497030772534
2G/3G;Lieux de vie / Toutes zones;Appels vocaux;Taux d'appels maintenus pendant 2 min;A l'interieur, a l'exterieur et en voiture;0.944038525407;0.00820857973972;0.963467286616;0.00670020420466;0.962803055462999;0.00675850985018;0.943530974921;0.00824487203522;0.953459792135;0.00376168103191
2G/3G/4G;Lieux de vie / Zone intermediaire;Streaming video;Taux de videos 720p de 2 min visionnees avec une qualite parfaite;A l'interieur et a l'exterieur;0.732258064516;0.0348538299173;0.508064516128999;0.0393526274093;0.916129032258;0.021819479019100002;0.7000000000000001;0.0360719710686;0.714112903226;0.0177832423996
2G/3G/4G;Lieux de vie / Zone rurale;Envoi de fichier;Taux de fichiers de 2 Mo envoyés en moins de 2 min;A l'interieur des batiments;0.532951289398;0.0370261718702;0.661891117479;0.0351079549192;0.641833810888;0.0355825898029;0.57183908046;0.0367218366035;0.602128824556;0.018162261198
2G/3G;Lieux de vie / Zone intermediaire;Envoi de fichier;Taux de fichiers de 2 Mo envoyés en moins de 2 min;A l'interieur des batiments;0.793548387096999;0.0318607557565;0.906451612903;0.0229219041246;0.880645161289999;0.0255200028369;0.725806451613;0.0351155321881;0.826612903226;0.0149001180225
2G/3G;Lieux de vie / Zone rurale;Envoi de fichier;Taux de fichiers de 2 Mo envoyés en moins de 2 min;A l'interieur et a l'exterieur;0.577363896847999;0.0259178671474;0.753581661891;0.0226095971264;0.696275071633;0.0241280260687;0.639885222382;0.0251862008835;0.666776463189;0.012365711805700001
2G/3G;Lieux de vie / Zone rurale;Envoi de fichier;Taux de fichiers de 2 Mo envoyés en moins de 2 min;A l'exterieur des batiments;0.656160458453;0.0352380037367;0.822349570201;0.0283556577749;0.770773638968;0.0311834431527;0.707736389685;0.0337404985621;0.739255014327;0.0162855896103
2G/3G/4G;Lieux de vie / Zone dense;Chargement de page web;Taux de pages web chargées en moins de 10s;A l'interieur des batiments;0.940844233056;0.00797233401695;0.784780023781;0.0138881160615;0.964030915576999;0.00629271771489;0.930737217598;0.0085800848955;0.905098097503;0.00495203114611
2G/3G/4G;Lieux de vie / Toutes zones;Streaming video;Taux de videos 720p de 2 min visionnees avec une qualite parfaite;A l'interieur des batiments;0.625625625626;0.030014975745100002;0.416416416415999;0.0305733571506;0.773773773774;0.025948135283200002;0.630260521042;0.0299388862153;0.611519084214;0.0151142823652
2G/3G;Lieux de vie / Toutes zones;Appels vocaux;Taux d'appels maintenus 2 min et de qualite audio parfaite;A l'exterieur des batiments;0.945219123506;0.0140756984152;0.916334661355;0.0171273060732;0.967131474104;0.011028643211;0.946215139442;0.0139544969374;0.943725099602;0.00712753468989
2G/3G/4G;Lieux de vie / Zone intermediaire;Appels vocaux;Taux d'appels maintenus 2 min et de qualite audio parfaite;A l'interieur, a l'exterieur et en voiture;0.951362907536;0.013788187346500001;0.955638695885;0.0131977312929;0.983965793693;0.00805126275218;0.964724746125;0.0118246160878;0.963923035809999;0.0059766309915
2G/3G/4G;Lieux de vie / Zone rurale;Appels vocaux;Taux d'appels maintenus 2 min et de qualite audio parfaite;A l'interieur, a l'exterieur et en voiture;0.846991946945;0.021702779739100002;0.838465182377999;0.0221867743837;0.91417733523;0.016894305168;0.85355450237;0.0213244457978;0.863299315133;0.0103575578676
2G/3G;Lieux de vie / Zone dense;Streaming video;Taux de videos 720p de 2 min visionnees avec une qualite parfaite;A l'interieur et a l'exterieur;0.838235294118;0.027677475354;0.497058823529;0.0375806342527;0.886764705882;0.023817530002;0.789705882353;0.0306300611531;0.752941176471;0.0162088546562
2G/3G/4G;Lieux de vie / Zone intermediaire;SMS;Taux de SMS recus en moins de 10s;A l'interieur et a l'exterieur;0.932692307692;0.0196591766163;0.918269230769;0.0214952047288;0.961538461537999;0.015088999108600001;0.927884615385;0.0202966669587;0.935096153846;0.00966489483928
2G/3G/4G;Lieux de vie / Zone dense;Appels vocaux;Taux d'appels maintenus 2 min et de qualite audio parfaite;A l'exterieur des batiments;0.979411764706;0.015094155943900001;0.958823529412;0.021120807273800002;0.991176470588;0.00994061545068;0.979411764706;0.015094155943900001;0.977205882353;0.00793215233609
2G/3G;Lieux de vie / Zone rurale;Telechargement de fichier;Taux de fichiers de 10 Mo reçus en moins de 2 min;A l'exterieur des batiments;0.684813753582;0.0344665827093;0.555873925501;0.0368612150875;0.825214899713;0.0281750110128;0.724928366762;0.0331282740524;0.6977077363899991;0.017035255436400002
2G/3G/4G;Lieux de vie / Zone rurale;Envoi de fichier;Debit moyen;A l'exterieur des batiments;2.0774722063;;1.34784040115;;2.600607736389999;;2.08671977077;;2028.16002865;
2G/3G;Lieux de vie / Zone rurale;Envoi de fichier;Debit moyen;A l'interieur des batiments;0.698010601719;;0.713680515758999;;0.750089684814;;0.575036494253;;684.204324136;
2G/3G;Lieux de vie / Zone dense;Chargement de page web;Taux de pages web chargées en moins de 5s;A l'exterieur des batiments;0.769642857143;0.0142374396399;0.626785714285999;0.0163540419316;0.696428571428999;0.015547306840700001;0.701488095237999;0.0154731028761;0.698586309524;0.00775796756249
2G/3G;Lieux de vie / Toutes zones;Streaming video;Taux de videos 720p de 2 min visionnees avec une qualite parfaite;A l'exterieur des batiments;0.65965965966;0.0293789094373;0.445;0.0308138163566;0.80980980981;0.024333499212;0.623623623624;0.0300394135941;0.634523273273;0.0149294097754
2G/3G;Lieux de vie / Toutes zones;Envoi de fichier;Taux de fichiers de 2 Mo envoyés en moins de 2 min;A l'interieur des batiments;0.732732732733;0.0194069979663;0.827827827828;0.016556333553600002;0.80980980981;0.0172106887432;0.715430861723;0.0197874764952;0.771450308023;0.00920718734745
2G/3G/4G;Lieux de vie / Zone intermediaire;Chargement de page web;Taux de pages web chargées en moins de 5s;A l'exterieur des batiments;0.805258033106;0.0139832309693;0.666666666667;0.0166457729037;0.902629016553;0.0104683840163;0.800389483934;0.014114081403;0.793735800065;0.00714381401195
2G/3G/4G;Lieux de vie / Zone intermediaire;Chargement de page web;Taux de pages web chargées en moins de 5s;A l'interieur des batiments;0.716374269006;0.0159270420434;0.586801040312;0.0173987228642;0.839454013649999;0.0129715090961;0.703282417939999;0.016140940774400002;0.711477935227;0.00800446963271
2G/3G/4G;Transports / TGV;Chargement de page web;Taux de pages web chargées en moins de 5s;En train;0.302279974902;0.00953698829887;0.182675541769999;0.00802423089368;0.500384255364;0.0103833105482;0.304708673355;0.0095585448281;0.322512111348;0.00485355274524
2G/3G/4G;Lieux de vie / Toutes zones;SMS;Taux de SMS recus en moins de 10s;A l'interieur des batiments;0.86626746507;0.021074959602999002;0.911266201396;0.0175983833177;0.920239282154;0.0167668128128;0.876370887338;0.0203708875746;0.893542757417;0.00954497986058
2G/3G;Lieux de vie / Toutes zones;Telechargement de fichier;Debit moyen;A l'interieur des batiments;6.08017447447;;2.61307867868;;7.42329119119;;5.08059549098;;5299.28495883;
2G/3G/4G;Lieux de vie / Zone dense;SMS;Taux de SMS recus en moins de 10s;A l'interieur et a l'exterieur;0.958823529412;0.0149346660475;0.952941176471;0.015916779298;0.967647058823999;0.013298938863;0.970588235294;0.01269929664;0.9625;0.00713982590618
2G/3G;Lieux de vie / Zone rurale;Chargement de page web;Taux de pages web chargées en moins de 5s;A l'interieur des batiments;0.318379160637;0.0155393544983;0.36989869754;0.0161040762225;0.355426917511;0.015966159663;0.352685050798;0.0159382476987;0.349097456621;0.0079504289115
2G/3G;Lieux de vie / Zone rurale;Streaming video;Taux de videos 720p de 2 min visionnees avec une qualite parfaite;A l'interieur des batiments;0.292263610315;0.0477333702098;0.252148997135;0.0455758866151;0.487106017192;0.052459544148800004;0.333333333332999;0.049475786449999004;0.341212989494;0.0248802224608
2G/3G/4G;Lieux de vie / Zone dense;SMS;Taux de SMS recus en moins de 10s;A l'exterieur des batiments;0.967647058823999;0.0188075397053;0.947058823529;0.021120807273800002;0.973529411765;0.0170636897963;0.964705882353;0.0196139579854;0.963235294118;0.010001574143400001
2G/3G/4G;Lieux de vie / Zone rurale;Envoi de fichier;Taux de fichiers de 2 Mo envoyés en moins de 2 min;A l'interieur et a l'exterieur;0.624641833811;0.025405609510900002;0.719197707736;0.0235784701162;0.714899713467;0.0236871352241;0.655667144907;0.0249299893937;0.678601599979999;0.0122515334508
2G/3G;Lieux de vie / Zone dense;Telechargement de fichier;Taux de fichiers de 10 Mo reçus en moins de 2 min;A l'exterieur des batiments;0.961764705882;0.014413460107900001;0.820588235293999;0.0288396321802;0.988235294117999;0.00810442732809;0.964705882353;0.0138691626974;0.933823529412;0.00934234338704
2G/3G/4G;Lieux de vie / Toutes zones;Chargement de page web;Taux de pages web chargées en moins de 5s;A l'interieur et a l'exterieur;0.696640565799;0.00640471558714;0.559339160309;0.00691682133707;0.775335960392;0.00581471537638;0.705064698746;0.00635323002949;0.684095096311999;0.00323834520786
2G/3G/4G;Lieux de vie / Zone intermediaire;SMS;Taux de SMS recus en moins de 30s;A l'interieur des batiments;0.932692307692;0.0278022741959;0.948717948718;0.0244754129059;0.974358974359;0.0175390459396;0.964743589744;0.0204646240479;0.955128205128;0.0114859344791
2G/3G;Lieux de vie / Zone rurale;Telechargement de fichier;Taux de fichiers de 10 Mo reçus en moins de 2 min;A l'interieur des batiments;0.512893982808;0.0370944994056;0.461318051576;0.036995627762500004;0.690544412607;0.0343066994205;0.635057471264;0.035727507474800003;0.574953479564;0.0183437682779
2G/3G/4G;Lieux de vie / Zone rurale;Appels vocaux;Taux d'appels maintenus pendant 2 min;A l'exterieur des batiments;0.931818181818;0.0263320468338;0.965909090909;0.0189571112034;0.968660968660999;0.0182276716953;0.928977272727;0.0268340334497;0.948841378529;0.0115123834701
2G/3G;Lieux de vie / Zone dense;Envoi de fichier;Debit moyen;A l'interieur et a l'exterieur;1.88145;;1.16713705882;;1.91303191176;;1.63354441176;;1648.79084559;
2G/3G/4G;Lieux de vie / Zone rurale;Streaming video;Taux de videos 720p de 2 min visionnees avec une qualite correcte;A l'exterieur des batiments;0.504297994269;0.0524750573298;0.258620689655;0.0459569106969;0.681948424069;0.0488791341514;0.538681948424;0.0523197185303;0.495887264103999;0.026237610435200003
2G/3G;Lieux de vie / Zone dense;Chargement de page web;Taux de pages web chargées en moins de 10s;A l'interieur des batiments;0.904818560381;0.00992005549543;0.762046400951999;0.014394416471200001;0.929803688281;0.00863594755047;0.853063652588;0.0119677513015;0.862433075549999;0.00582166132969
2G/3G/4G;Lieux de vie / Zone intermediaire;Chargement de page web;Taux de pages web chargées en moins de 10s;A l'interieur des batiments;0.800194931774;0.0141284159241;0.739271781534;0.0155127361718;0.9148521286969991;0.00986176552;0.8007799805;0.0141128724346;0.813774705626;0.00687754998754
2G/3G;Lieux de vie / Zone intermediaire;Appels vocaux;Taux d'appels maintenus 2 min et de qualite audio correcte;A l'interieur, a l'exterieur et en voiture;0.967397113843;0.011383627689400001;0.970069481561;0.010922166848900001;0.98503474078;0.00778248265979;0.968449197861;0.0112105329032;0.972738195166;0.00521979714482
2G/3G/4G;Transports / Metro;Chargement de page web;Taux de pages web chargées en moins de 10s;En train;;;;;;;;;0.155933233241;0.00554983590443
2G/3G;Lieux de vie / Zone rurale;Appels vocaux;Taux d'appels maintenus pendant 2 min;En voiture;0.861581920904;0.035974862111999004;0.884180790959999;0.033336137245500004;0.906779661017;0.0302873073321;0.838983050847;0.0382883658312;0.872881355932;0.017350287646400002
2G/3G;Lieux de vie / Zone dense;Envoi de fichier;Taux de fichiers de 2 Mo envoyés en moins de 2 min;A l'interieur et a l'exterieur;0.948529411764999;0.0117433386196;0.925;0.0139987131762;0.955882352941;0.0109142779635;0.885294117647;0.0169364838152;0.928676470588;0.00683919923583
2G/3G/4G;Lieux de vie / Zone dense;Telechargement de fichier;Debit moyen;A l'exterieur des batiments;32.5728952941;;21.3319614706;;49.4925932353;;22.1702264706;;31391.9191176;
2G/3G;Lieux de vie / Toutes zones;Chargement de page web;Taux de pages web chargées en moins de 10s;A l'exterieur des batiments;0.812752627324;0.00768622839725;0.749595796281;0.00853612187136;0.8691390460789991;0.00664470798055;0.793451899757;0.00797622015513;0.806234842361;0.00389372124495
2G/3G/4G;Lieux de vie / Zone intermediaire;Envoi de fichier;Taux de fichiers de 2 Mo envoyés en moins de 2 min;A l'interieur et a l'exterieur;0.862903225806;0.0191443177159;0.906451612903;0.0162082338442;0.9500000000000001;0.0121308723724;0.885483870968;0.0177242915768;0.901209677418999;0.00830396209713
2G/3G/4G;Lieux de vie / Toutes zones;Appels vocaux;Taux d'appels maintenus 2 min et de qualite audio parfaite;A l'interieur, a l'exterieur et en voiture;0.917303221521;0.00983624511761;0.912487545666;0.0100919942035;0.960631229236;0.00694632296182;0.931240657698;0.00903852398876;0.930416041635;0.00454388992355
2G/3G/4G;Lieux de vie / Zone dense;Telechargement de fichier;Taux de fichiers de 10 Mo reçus en moins de 2 min;A l'exterieur des batiments;0.985294117647;0.00904753149624;0.802941176470999;0.0298979507966;0.994117647059;0.0057477258576;0.979411764706;0.0106731800242;0.940441176471;0.00889427376052
